Workbook

Sheet TOTAL
E1: w1 | F1: =SUBTOTAL(9,E3:E10000) -> 2111.5 | K1: w2 | L1: =SUBTOTAL(9,K3:K10000) -> 2108.6 | Q1: w3 | R1: =SUBTOTAL(9,Q3:Q10000) -> 2494.9 | W1: w4 | X1: =SUBTOTAL(9,W3:W10000) -> 2015.6 | AC1: w5 | AD1: =SUBTOTAL(9,AC3:AC10000) -> 2310.9 | AI1: w6 | AJ1: =SUBTOTAL(9,AI3:AI10000) -> 1556.3 | AO1: w7 | AP1: =SUBTOTAL(9,AO3:AO10000) -> 1963.7 | AU1: w8 | AV1: =SUBTOTAL(9,AU3:AU10000) -> 2437.6 | BA1: w9 | BB1: =SUBTOTAL(9,BA3:BA10000) -> 2447 | BG1: w10 | BH1: =SUBTOTAL(9,BG3:BG10000) -> 2175.1 | BM1: w11 | BN1: =SUBTOTAL(9,BM3:BM10000) -> 2078 | BS1: w12 | BT1: =SUBTOTAL(9,BS3:BS10000) -> 1868.4 | BU1: 46097 | BV1: 46103 | BY1: w13 | BZ1: =SUBTOTAL(9,BY3:BY10000) -> 2080.8 | CA1: 46104 | CB1: 46110 | CE1: w14 | CF1: =SUBTOTAL(9,CE3:CE10000) -> 2164.3 | CG1: 46111 | CH1: 46117 | CM1: acc | CN1: 0.95 | CP1: 0.025 | CR1: 0.025 | CU1: St.Dev. | CV1: St.Dev. | CW1: St.Dev. | CX1: St.Dev. | CY1: St.Dev. | CZ1: St.Dev.
A2: Excl. | B2: Name STRAVA | C2: Name STRAVA 2 | D2: Aux1 | E2: Distance | F2: Pos. | G2: Avg. Pace | H2: Pos. | I2: Elev. Gain | J2: Pos. | K2: Distance | L2: Pos. | M2: Avg. Pace | N2: Pos. | O2: Elev. Gain | P2: Pos. | Q2: Distance | R2: Pos. | S2: Avg. Pace | T2: Pos. | U2: Elev. Gain | V2: Pos. | W2: Distance | X2: Pos. | Y2: Avg. Pace | Z2: Pos. | AA2: Elev. Gain | AB2: Pos. | AC2: Distance | AD2: Pos. | AE2: Avg. Pace | AF2: Pos. | AG2: Elev. Gain | AH2: Pos. | AI2: Distance | AJ2: Pos. | AK2: Avg. Pace | AL2: Pos. | AM2: Elev. Gain | AN2: Pos. | AO2: Distance | AP2: Pos. | AQ2: Avg. Pace | AR2: Pos. | AS2: Elev. Gain | AT2: Pos. | AU2: Distance | AV2: Pos. | AW2: Avg. Pace | AX2: Pos. | AY2: Elev. Gain | AZ2: Pos. | BA2: Distance | BB2: Pos. | BC2: Avg. Pace | BD2: Pos. | BE2: Elev. Gain | BF2: Pos. | BG2: Distance | BH2: Pos. | BI2: Avg. Pace | BJ2: Pos. | BK2: Elev. Gain | BL2: Pos. | BM2: Distance | BN2: Pos. | BO2: Avg. Pace | BP2: Pos. | BQ2: Elev. Gain | BR2: Pos. | BS2: Distance | BT2: Pos. | BU2: Avg. Pace | BV2: Pos. | BW2: Elev. Gain | BX2: Pos. | BY2: Distance | BZ2: Pos. | CA2: Avg. Pace | CB2: Pos. | CC2: Elev. Gain | CD2: Pos. | CE2: Distance | CF2: Pos. | CG2: Avg. Pace | CH2: Pos. | CI2: Elev. Gain | CJ2: Pos. | CK2: Pos. | CL2: Name | CM2: Distance | CN2: Pos. | CO2: Avg. Pace | CP2: Pos. | CQ2: Elev. Gain | CR2: Pos. | CS2: RANK | CT2: Aux2 | CU2: Distance | CV2: Pos. | CW2: Avg. Pace | CX2: Pos. | CY2: Elev. Gain | CZ2: Pos.
B3: Sérgio Miguel Sérgio Miguel | C3: Sérgio Miguel | D3: =CN3*$CN$1+CP3*$CP$1+CR3*$CR$1 -> 1.45 | E3: =IFERROR(_xlfn.XLOOKUP(B3,'w1'!$B:$B,'w1'!$C:$C),0) -> 113.3 | F3: =_xlfn.RANK.EQ(E3,E$3:E$10000,0) -> 1 | G3: =IFERROR(_xlfn.XLOOKUP(B3,'w1'!$B:$B,'w1'!$F:$F),1) -> 0.22986111 | H3: =_xlfn.RANK.EQ(G3,G$3:G$10000,1) -> 10 | I3: =IFERROR(IF(_xlfn.XLOOKUP(B3,'w1'!$B:$B,'w1'!$G:$G)="--",0,_xlfn.XLOOKUP(B3,'w1'!$B:$B,'w1'!$G:$G)),0) -> 1338 | J3: =_xlfn.RANK.EQ(I3,I$3:I$10000,0) -> 4 | K3: =IFERROR(_xlfn.XLOOKUP(B3,'w2'!$B:$B,'w2'!$C:$C),0) -> 107.7 | L3: =_xlfn.RANK.EQ(K3,K$3:K$10000,0) -> 1 | M3: =IFERROR(_xlfn.XLOOKUP(B3,'w2'!$B:$B,'w2'!$F:$F),1) -> 0.29027778 | N3: =_xlfn.RANK.EQ(M3,M$3:M$10000,1) -> 44 | O3: =IFERROR(IF(_xlfn.XLOOKUP(B3,'w2'!$B:$B,'w2'!$G:$G)="--",0,_xlfn.XLOOKUP(B3,'w2'!$B:$B,'w2'!$G:$G)),0) -> 3385 | P3: =_xlfn.RANK.EQ(O3,O$3:O$10000,0) -> 1 | Q3: =IFERROR(_xlfn.XLOOKUP(B3,'w3'!$B:$B,'w3'!$C:$C),0) -> 69.8 | R3: =_xlfn.RANK.EQ(Q3,Q$3:Q$10000,0) -> 5 | S3: =IFERROR(_xlfn.XLOOKUP(B3,'w3'!$B:$B,'w3'!$F:$F),1) -> 0.29861111 | T3: =_xlfn.RANK.EQ(S3,S$3:S$10000,1) -> 50 | U3: =IFERROR(IF(_xlfn.XLOOKUP(B3,'w3'!$B:$B,'w3'!$G:$G)="--",0,_xlfn.XLOOKUP(B3,'w3'!$B:$B,'w3'!$G:$G)),0) -> 2336 | V3: =_xlfn.RANK.EQ(U3,U$3:U$10000,0) -> 4 | W3: =IFERROR(_xlfn.XLOOKUP(B3,'w4'!$B:$B,'w4'!$C:$C),0) -> 125 | X3: =_xlfn.RANK.EQ(W3,W$3:W$10000,0) -> 1 | Y3: =IFERROR(_xlfn.XLOOKUP(B3,'w4'!$B:$B,'w4'!$F:$F),1) -> 0.23680556 | Z3: =_xlfn.RANK.EQ(Y3,Y$3:Y$10000,1) -> 10 | AA3: =IFERROR(IF(_xlfn.XLOOKUP(B3,'w4'!$B:$B,'w4'!$G:$G)="--",0,_xlfn.XLOOKUP(B3,'w4'!$B:$B,'w4'!$G:$G)),0) -> 1174 | AB3: =_xlfn.RANK.EQ(AA3,AA$3:AA$10000,0) -> 10 | AC3: =IFERROR(_xlfn.XLOOKUP(B3,'w5'!$B:$B,'w5'!$C:$C),0) -> 106 | AD3: =_xlfn.RANK.EQ(AC3,AC$3:AC$10000,0) -> 1 | AE3: =IFERROR(_xlfn.XLOOKUP(B3,'w5'!$B:$B,'w5'!$F:$F),1) -> 0.26319444 | AF3: =_xlfn.RANK.EQ(AE3,AE$3:AE$10000,1) -> 27 | AG3: =IFERROR(IF(_xlfn.XLOOKUP(B3,'w5'!$B:$B,'w5'!$G:$G)="--",0,_xlfn.XLOOKUP(B3,'w5'!$B:$B,'w5'!$G:$G)),0) -> 2159 | AH3: =_xlfn.RANK.EQ(AG3,AG$3:AG$10000,0) -> 2 | AI3: =IFERROR(_xlfn.XLOOKUP(B3,'w6'!$B:$B,'w6'!$C:$C),0) -> 120.8 | AJ3: =_xlfn.RANK.EQ(AI3,AI$3:AI$10000,0) -> 1 | AK3: =IFERROR(_xlfn.XLOOKUP(B3,'w6'!$B:$B,'w6'!$F:$F),1) -> 0.22569444 | AL3: =_xlfn.RANK.EQ(AK3,AK$3:AK$10000,1) -> 4 | AM3: =IFERROR(IF(_xlfn.XLOOKUP(B3,'w6'!$B:$B,'w6'!$G:$G)="--",0,_xlfn.XLOOKUP(B3,'w6'!$B:$B,'w6'!$G:$G)),0) -> 950 | AN3: =_xlfn.RANK.EQ(AM3,AM$3:AM$10000,0) -> 6 | AO3: =IFERROR(_xlfn.XLOOKUP(B3,'w7'!$B:$B,'w7'!$C:$C),0) -> 127.3 | AP3: =_xlfn.RANK.EQ(AO3,AO$3:AO$10000,0) -> 1 | AQ3: =IFERROR(_xlfn.XLOOKUP(B3,'w7'!$B:$B,'w7'!$F:$F),1) -> 0.25 | AR3: =_xlfn.RANK.EQ(AQ3,AQ$3:AQ$10000,1) -> 19 | AS3: =IFERROR(IF(_xlfn.XLOOKUP(B3,'w7'!$B:$B,'w7'!$G:$G)="--",0,_xlfn.XLOOKUP(B3,'w7'!$B:$B,'w7'!$G:$G)),0) -> 2374 | AT3: =_xlfn.RANK.EQ(AS3,AS$3:AS$10000,0) -> 1 | AU3: =IFERROR(_xlfn.XLOOKUP(B3,'w8'!$B:$B,'w8'!$C:$C),0) -> 136.5 | AV3: =_xlfn.RANK.EQ(AU3,AU$3:AU$10000,0) -> 1 | AW3: =IFERROR(_xlfn.XLOOKUP(B3,'w8'!$B:$B,'w8'!$F:$F),1) -> 0.24513889 | AX3: =_xlfn.RANK.EQ(AW3,AW$3:AW$10000,1) -> 12 | AY3: =IFERROR(IF(_xlfn.XLOOKUP(B3,'w8'!$B:$B,'w8'!$G:$G)="--",0,_xlfn.XLOOKUP(B3,'w8'!$B:$B,'w8'!$G:$G)),0) -> 2097 | AZ3: =_xlfn.RANK.EQ(AY3,AY$3:AY$10000,0) -> 4 | BA3: =IFERROR(_xlfn.XLOOKUP(C3,'w9'!$B:$B,'w9'!$C:$C),0) -> 33.1 | BB3: =_xlfn.RANK.EQ(BA3,BA$3:BA$10000,0) -> 33 | BC3: =IFERROR(_xlfn.XLOOKUP(C3,'w9'!$B:$B,'w9'!$F:$F),1) -> 0.22638889 | BD3: =_xlfn.RANK.EQ(BC3,BC$3:BC$10000,1) -> 5 | BE3: =IFERROR(IF(_xlfn.XLOOKUP(C3,'w9'!$B:$B,'w9'!$G:$G)="--",0,_xlfn.XLOOKUP(C3,'w9'!$B:$B,'w9'!$G:$G)),0) -> 494 | BF3: =_xlfn.RANK.EQ(BE3,BE$3:BE$10000,0) -> 27 | BG3: =IFERROR(_xlfn.XLOOKUP(B3,'w10'!$B:$B,'w10'!$C:$C),0) -> 108 | BH3: =_xlfn.RANK.EQ(BG3,BG$3:BG$10000,0) -> 1 | BI3: =IFERROR(_xlfn.XLOOKUP(B3,'w10'!$B:$B,'w10'!$F:$F),1) -> 0.24583333 | BJ3: =_xlfn.RANK.EQ(BI3,BI$3:BI$10000,1) -> 19 | BK3: =IFERROR(IF(_xlfn.XLOOKUP(B3,'w10'!$B:$B,'w10'!$G:$G)="--",0,_xlfn.XLOOKUP(B3,'w10'!$B:$B,'w10'!$G:$G)),0) -> 1838 | BL3: =_xlfn.RANK.EQ(BK3,BK$3:BK$10000,0) -> 5 | BM3: =IFERROR(_xlfn.XLOOKUP(B3,'w11'!$B:$B,'w11'!$C:$C),0) -> 109.2 | BN3: =_xlfn.RANK.EQ(BM3,BM$3:BM$10000,0) -> 1 | BO3: =IFERROR(_xlfn.XLOOKUP(B3,'w11'!$B:$B,'w11'!$F:$F),1) -> 0.24513889 | BP3: =_xlfn.RANK.EQ(BO3,BO$3:BO$10000,1) -> 17 | BQ3: =IFERROR(IF(_xlfn.XLOOKUP(B3,'w11'!$B:$B,'w11'!$G:$G)="--",0,_xlfn.XLOOKUP(B3,'w11'!$B:$B,'w11'!$G:$G)),0) -> 2611 | BR3: =_xlfn.RANK.EQ(BQ3,BQ$3:BQ$10000,0) -> 1 | BS3: =IFERROR(_xlfn.XLOOKUP(B3,'w12'!$B:$B,'w12'!$C:$C),0) -> 125.9 | BT3: =_xlfn.RANK.EQ(BS3,BS$3:BS$10000,0) -> 1 | BU3: =IFERROR(_xlfn.XLOOKUP(B3,'w12'!$B:$B,'w12'!$F:$F),1) -> 0.24305556 | BV3: =_xlfn.RANK.EQ(BU3,BU$3:BU$10000,1) -> 15 | BW3: =IFERROR(IF(_xlfn.XLOOKUP(B3,'w12'!$B:$B,'w12'!$G:$G)="--",0,_xlfn.XLOOKUP(B3,'w12'!$B:$B,'w12'!$G:$G)),0) -> 1959 | BX3: =_xlfn.RANK.EQ(BW3,BW$3:BW$10000,0) -> 3 | BY3: =IFERROR(_xlfn.XLOOKUP(B3,'w13'!$B:$B,'w13'!$C:$C),0) -> 138.3 | BZ3: =_xlfn.RANK.EQ(BY3,BY$3:BY$10000,0) -> 1 | CA3: =IFERROR(_xlfn.XLOOKUP(B3,'w13'!$B:$B,'w13'!$F:$F),1) -> 0.25 | CB3: =_xlfn.RANK.EQ(CA3,CA$3:CA$10000,1) -> 23 | CC3: =IFERROR(IF(_xlfn.XLOOKUP(B3,'w13'!$B:$B,'w13'!$G:$G)="--",0,_xlfn.XLOOKUP(B3,'w13'!$B:$B,'w13'!$G:$G)),0) -> 2800 | CD3: =_xlfn.RANK.EQ(CC3,CC$3:CC$10000,0) -> 1 | CE3: =IFERROR(_xlfn.XLOOKUP(B3,'w14'!$B:$B,'w14'!$C:$C),0) -> 117.3 | CF3: =_xlfn.RANK.EQ(CE3,CE$3:CE$10000,0) -> 1 | CG3: =IFERROR(_xlfn.XLOOKUP(B3,'w14'!$B:$B,'w14'!$F:$F),1) -> 0.26527778 | CH3: =_xlfn.RANK.EQ(CG3,CG$3:CG$10000,1) -> 25 | CI3: =IFERROR(IF(_xlfn.XLOOKUP(B3,'w14'!$B:$B,'w14'!$G:$G)="--",0,_xlfn.XLOOKUP(B3,'w14'!$B:$B,'w14'!$G:$G)),0) -> 2735 | CJ3: =_xlfn.RANK.EQ(CI3,CI$3:CI$10000,0) -> 1 | CK3: =_xlfn.RANK.EQ(D3,D$3:D$10000,1) -> 1 | CL3: Sérgio Miguel | CM3: =SUM(E3,K3,Q3,W3,AC3,AI3,AO3,AU3,BA3,BG3,BM3,BS3,BY3,CE3) -> 1538.2 | CN3: =_xlfn.RANK.EQ(CM3,CM$3:CM$10000) -> 1 | CO3: =IFERROR(SUM(PRODUCT(E3,G3),PRODUCT(K3,M3),PRODUCT(Q3,S3),PRODUCT(W3,Y3),PRODUCT(AC3,AE3),PRODUCT(AI3,AK3),PRODUCT(AO3,AQ3),PRODUCT(AU3,AW3),PRODUCT(BA3,BC3),PRODUCT(BG3,BI3),PRODUCT(BM3,BO3),PRODUCT(BS3,BU3),PRODUCT(BY3,CA3),PRODUCT(CE3,CG3))/CM3,1) -> 0.25049038 | CP3: =_xlfn.RANK.EQ(CO3,CO$3:CO$10000,1) -> 19 | CQ3: =SUM(I3,O3,U3,AA3,AG3,AM3,AS3,AY3,BE3,BK3,BQ3,BW3,CC3,CI3) -> 28250 | CR3: =_xlfn.RANK.EQ(CQ3,CQ$3:CQ$10000) -> 1 | CS3: =_xlfn.RANK.EQ(CT3,CT$3:CT$10000,1) -> 6 | CT3: =CV3*$CN$1+CX3*$CP$1+CZ3*$CR$1 -> 28.05 | CU3: =_xlfn.STDEV.S(F3,L3,R3,X3,AD3,AJ3,AP3,AV3,BB3,BH3,BN3,BT3,BZ3,CF3) -> 8.5369269 | CV3: =_xlfn.RANK.EQ(CU3,CU$3:CU$10000,1) -> 28 | CW3: =_xlfn.STDEV.S(H3,N3,T3,Z3,AF3,AL3,AR3,AX3,BD3,BJ3,BP3,BV3,CB3,CH3) -> 13.416408 | CX3: =_xlfn.RANK.EQ(CW3,CW$3:CW$10000,1) -> 46 | CY3: =_xlfn.STDEV.S(J3,P3,V3,AB3,AH3,AN3,AT3,AZ3,BF3,BL3,BR3,BX3,CD3,CJ3) -> 6.827546 | CZ3: =_xlfn.RANK.EQ(CY3,CY$3:CY$10000,1) -> 12 | DA3: =SUM(COUNTIF(E3,">0"),COUNTIF(K3,">0"),COUNTIF(Q3,">0"),COUNTIF(W3,">0"),COUNTIF(AC3,">0"),COUNTIF(AI3,">0"),COUNTIF(AO3,">0"),COUNTIF(AU3,">0"),COUNTIF(BA3,">0"),COUNTIF(BG3,">0"),COUNTIF(BM3,">0"),COUNTIF(BS3,">0"),COUNTIF(BY3,">0"),COUNTIF(CE3,">0")) -> 14
B4: Sara Pedrosa Sara Pedrosa | C4: Sara Pedrosa | D4: =CN4*$CN$1+CP4*$CP$1+CR4*$CR$1 -> 2.3 | E4: =IFERROR(_xlfn.XLOOKUP(B4,'w1'!$B:$B,'w1'!$C:$C),0) -> 53.2 | F4: =_xlfn.RANK.EQ(E4,E$3:E$10000,0) -> 10 | G4: =IFERROR(_xlfn.XLOOKUP(B4,'w1'!$B:$B,'w1'!$F:$F),1) -> 0.21041667 | H4: =_xlfn.RANK.EQ(G4,G$3:G$10000,1) -> 4 | I4: =IFERROR(IF(_xlfn.XLOOKUP(B4,'w1'!$B:$B,'w1'!$G:$G)="--",0,_xlfn.XLOOKUP(B4,'w1'!$B:$B,'w1'!$G:$G)),0) -> 208 | J4: =_xlfn.RANK.EQ(I4,I$3:I$10000,0) -> 45 | K4: =IFERROR(_xlfn.XLOOKUP(B4,'w2'!$B:$B,'w2'!$C:$C),0) -> 84.4 | L4: =_xlfn.RANK.EQ(K4,K$3:K$10000,0) -> 3 | M4: =IFERROR(_xlfn.XLOOKUP(B4,'w2'!$B:$B,'w2'!$F:$F),1) -> 0.20833333 | N4: =_xlfn.RANK.EQ(M4,M$3:M$10000,1) -> 2 | O4: =IFERROR(IF(_xlfn.XLOOKUP(B4,'w2'!$B:$B,'w2'!$G:$G)="--",0,_xlfn.XLOOKUP(B4,'w2'!$B:$B,'w2'!$G:$G)),0) -> 329 | P4: =_xlfn.RANK.EQ(O4,O$3:O$10000,0) -> 30 | Q4: =IFERROR(_xlfn.XLOOKUP(B4,'w3'!$B:$B,'w3'!$C:$C),0) -> 82 | R4: =_xlfn.RANK.EQ(Q4,Q$3:Q$10000,0) -> 3 | S4: =IFERROR(_xlfn.XLOOKUP(B4,'w3'!$B:$B,'w3'!$F:$F),1) -> 0.23263889 | T4: =_xlfn.RANK.EQ(S4,S$3:S$10000,1) -> 6 | U4: =IFERROR(IF(_xlfn.XLOOKUP(B4,'w3'!$B:$B,'w3'!$G:$G)="--",0,_xlfn.XLOOKUP(B4,'w3'!$B:$B,'w3'!$G:$G)),0) -> 891 | V4: =_xlfn.RANK.EQ(U4,U$3:U$10000,0) -> 13 | W4: =IFERROR(_xlfn.XLOOKUP(B4,'w4'!$B:$B,'w4'!$C:$C),0) -> 84.3 | X4: =_xlfn.RANK.EQ(W4,W$3:W$10000,0) -> 2 | Y4: =IFERROR(_xlfn.XLOOKUP(B4,'w4'!$B:$B,'w4'!$F:$F),1) -> 0.26041667 | Z4: =_xlfn.RANK.EQ(Y4,Y$3:Y$10000,1) -> 30 | AA4: =IFERROR(IF(_xlfn.XLOOKUP(B4,'w4'!$B:$B,'w4'!$G:$G)="--",0,_xlfn.XLOOKUP(B4,'w4'!$B:$B,'w4'!$G:$G)),0) -> 2139 | AB4: =_xlfn.RANK.EQ(AA4,AA$3:AA$10000,0) -> 2 | AC4: =IFERROR(_xlfn.XLOOKUP(B4,'w5'!$B:$B,'w5'!$C:$C),0) -> 81.3 | AD4: =_xlfn.RANK.EQ(AC4,AC$3:AC$10000,0) -> 2 | AE4: =IFERROR(_xlfn.XLOOKUP(B4,'w5'!$B:$B,'w5'!$F:$F),1) -> 0.23819444 | AF4: =_xlfn.RANK.EQ(AE4,AE$3:AE$10000,1) -> 14 | AG4: =IFERROR(IF(_xlfn.XLOOKUP(B4,'w5'!$B:$B,'w5'!$G:$G)="--",0,_xlfn.XLOOKUP(B4,'w5'!$B:$B,'w5'!$G:$G)),0) -> 1743 | AH4: =_xlfn.RANK.EQ(AG4,AG$3:AG$10000,0) -> 6 | AI4: =IFERROR(_xlfn.XLOOKUP(B4,'w6'!$B:$B,'w6'!$C:$C),0) -> 87.2 | AJ4: =_xlfn.RANK.EQ(AI4,AI$3:AI$10000,0) -> 2 | AK4: =IFERROR(_xlfn.XLOOKUP(B4,'w6'!$B:$B,'w6'!$F:$F),1) -> 0.2375 | AL4: =_xlfn.RANK.EQ(AK4,AK$3:AK$10000,1) -> 7 | AM4: =IFERROR(IF(_xlfn.XLOOKUP(B4,'w6'!$B:$B,'w6'!$G:$G)="--",0,_xlfn.XLOOKUP(B4,'w6'!$B:$B,'w6'!$G:$G)),0) -> 1737 | AN4: =_xlfn.RANK.EQ(AM4,AM$3:AM$10000,0) -> 1 | AO4: =IFERROR(_xlfn.XLOOKUP(B4,'w7'!$B:$B,'w7'!$C:$C),0) -> 61.4 | AP4: =_xlfn.RANK.EQ(AO4,AO$3:AO$10000,0) -> 5 | AQ4: =IFERROR(_xlfn.XLOOKUP(B4,'w7'!$B:$B,'w7'!$F:$F),1) -> 0.24166667 | AR4: =_xlfn.RANK.EQ(AQ4,AQ$3:AQ$10000,1) -> 13 | AS4: =IFERROR(IF(_xlfn.XLOOKUP(B4,'w7'!$B:$B,'w7'!$G:$G)="--",0,_xlfn.XLOOKUP(B4,'w7'!$B:$B,'w7'!$G:$G)),0) -> 1208 | AT4: =_xlfn.RANK.EQ(AS4,AS$3:AS$10000,0) -> 12 | AU4: =IFERROR(_xlfn.XLOOKUP(B4,'w8'!$B:$B,'w8'!$C:$C),0) -> 76.3 | AV4: =_xlfn.RANK.EQ(AU4,AU$3:AU$10000,0) -> 6 | AW4: =IFERROR(_xlfn.XLOOKUP(B4,'w8'!$B:$B,'w8'!$F:$F),1) -> 0.23402778 | AX4: =_xlfn.RANK.EQ(AW4,AW$3:AW$10000,1) -> 8 | AY4: =IFERROR(IF(_xlfn.XLOOKUP(B4,'w8'!$B:$B,'w8'!$G:$G)="--",0,_xlfn.XLOOKUP(B4,'w8'!$B:$B,'w8'!$G:$G)),0) -> 1503 | AZ4: =_xlfn.RANK.EQ(AY4,AY$3:AY$10000,0) -> 6 | BA4: =IFERROR(_xlfn.XLOOKUP(C4,'w9'!$B:$B,'w9'!$C:$C),0) -> 90.2 | BB4: =_xlfn.RANK.EQ(BA4,BA$3:BA$10000,0) -> 1 | BC4: =IFERROR(_xlfn.XLOOKUP(C4,'w9'!$B:$B,'w9'!$F:$F),1) -> 0.24583333 | BD4: =_xlfn.RANK.EQ(BC4,BC$3:BC$10000,1) -> 13 | BE4: =IFERROR(IF(_xlfn.XLOOKUP(C4,'w9'!$B:$B,'w9'!$G:$G)="--",0,_xlfn.XLOOKUP(C4,'w9'!$B:$B,'w9'!$G:$G)),0) -> 2093 | BF4: =_xlfn.RANK.EQ(BE4,BE$3:BE$10000,0) -> 2 | BG4: =IFERROR(_xlfn.XLOOKUP(B4,'w10'!$B:$B,'w10'!$C:$C),0) -> 98.2 | BH4: =_xlfn.RANK.EQ(BG4,BG$3:BG$10000,0) -> 2 | BI4: =IFERROR(_xlfn.XLOOKUP(B4,'w10'!$B:$B,'w10'!$F:$F),1) -> 0.25069444 | BJ4: =_xlfn.RANK.EQ(BI4,BI$3:BI$10000,1) -> 21 | BK4: =IFERROR(IF(_xlfn.XLOOKUP(B4,'w10'!$B:$B,'w10'!$G:$G)="--",0,_xlfn.XLOOKUP(B4,'w10'!$B:$B,'w10'!$G:$G)),0) -> 2515 | BL4: =_xlfn.RANK.EQ(BK4,BK$3:BK$10000,0) -> 2 | BM4: =IFERROR(_xlfn.XLOOKUP(B4,'w11'!$B:$B,'w11'!$C:$C),0) -> 79.3 | BN4: =_xlfn.RANK.EQ(BM4,BM$3:BM$10000,0) -> 2 | BO4: =IFERROR(_xlfn.XLOOKUP(B4,'w11'!$B:$B,'w11'!$F:$F),1) -> 0.22777778 | BP4: =_xlfn.RANK.EQ(BO4,BO$3:BO$10000,1) -> 10 | BQ4: =IFERROR(IF(_xlfn.XLOOKUP(B4,'w11'!$B:$B,'w11'!$G:$G)="--",0,_xlfn.XLOOKUP(B4,'w11'!$B:$B,'w11'!$G:$G)),0) -> 1622 | BR4: =_xlfn.RANK.EQ(BQ4,BQ$3:BQ$10000,0) -> 5 | BS4: =IFERROR(_xlfn.XLOOKUP(B4,'w12'!$B:$B,'w12'!$C:$C),0) -> 97 | BT4: =_xlfn.RANK.EQ(BS4,BS$3:BS$10000,0) -> 2 | BU4: =IFERROR(_xlfn.XLOOKUP(B4,'w12'!$B:$B,'w12'!$F:$F),1) -> 0.27291667 | BV4: =_xlfn.RANK.EQ(BU4,BU$3:BU$10000,1) -> 37 | BW4: =IFERROR(IF(_xlfn.XLOOKUP(B4,'w12'!$B:$B,'w12'!$G:$G)="--",0,_xlfn.XLOOKUP(B4,'w12'!$B:$B,'w12'!$G:$G)),0) -> 2734 | BX4: =_xlfn.RANK.EQ(BW4,BW$3:BW$10000,0) -> 1 | BY4: =IFERROR(_xlfn.XLOOKUP(B4,'w13'!$B:$B,'w13'!$C:$C),0) -> 80.3 | BZ4: =_xlfn.RANK.EQ(BY4,BY$3:BY$10000,0) -> 3 | CA4: =IFERROR(_xlfn.XLOOKUP(B4,'w13'!$B:$B,'w13'!$F:$F),1) -> 0.26388889 | CB4: =_xlfn.RANK.EQ(CA4,CA$3:CA$10000,1) -> 30 | CC4: =IFERROR(IF(_xlfn.XLOOKUP(B4,'w13'!$B:$B,'w13'!$G:$G)="--",0,_xlfn.XLOOKUP(B4,'w13'!$B:$B,'w13'!$G:$G)),0) -> 2118 | CD4: =_xlfn.RANK.EQ(CC4,CC$3:CC$10000,0) -> 3 | CE4: =IFERROR(_xlfn.XLOOKUP(B4,'w14'!$B:$B,'w14'!$C:$C),0) -> 72.9 | CF4: =_xlfn.RANK.EQ(CE4,CE$3:CE$10000,0) -> 3 | CG4: =IFERROR(_xlfn.XLOOKUP(B4,'w14'!$B:$B,'w14'!$F:$F),1) -> 0.25486111 | CH4: =_xlfn.RANK.EQ(CG4,CG$3:CG$10000,1) -> 16 | CI4: =IFERROR(IF(_xlfn.XLOOKUP(B4,'w14'!$B:$B,'w14'!$G:$G)="--",0,_xlfn.XLOOKUP(B4,'w14'!$B:$B,'w14'!$G:$G)),0) -> 2063 | CJ4: =_xlfn.RANK.EQ(CI4,CI$3:CI$10000,0) -> 5 | CK4: =_xlfn.RANK.EQ(D4,D$3:D$10000,1) -> 2 | CL4: Sara Pedrosa | CM4: =SUM(E4,K4,Q4,W4,AC4,AI4,AO4,AU4,BA4,BG4,BM4,BS4,BY4,CE4) -> 1128 | CN4: =_xlfn.RANK.EQ(CM4,CM$3:CM$10000) -> 2 | CO4: =IFERROR(SUM(PRODUCT(E4,G4),PRODUCT(K4,M4),PRODUCT(Q4,S4),PRODUCT(W4,Y4),PRODUCT(AC4,AE4),PRODUCT(AI4,AK4),PRODUCT(AO4,AQ4),PRODUCT(AU4,AW4),PRODUCT(BA4,BC4),PRODUCT(BG4,BI4),PRODUCT(BM4,BO4),PRODUCT(BS4,BU4),PRODUCT(BY4,CA4),PRODUCT(CE4,CG4))/CM4,1) -> 0.24261931 | CP4: =_xlfn.RANK.EQ(CO4,CO$3:CO$10000,1) -> 12 | CQ4: =SUM(I4,O4,U4,AA4,AG4,AM4,AS4,AY4,BE4,BK4,BQ4,BW4,CC4,CI4) -> 22903 | CR4: =_xlfn.RANK.EQ(CQ4,CQ$3:CQ$10000) -> 4 | CS4: =_xlfn.RANK.EQ(CT4,CT$3:CT$10000,1) -> 1 | CT4: =CV4*$CN$1+CX4*$CP$1+CZ4*$CR$1 -> 2.775 | CU4: =_xlfn.STDEV.S(F4,L4,R4,X4,AD4,AJ4,AP4,AV4,BB4,BH4,BN4,BT4,BZ4,CF4) -> 2.3346412 | CV4: =_xlfn.RANK.EQ(CU4,CU$3:CU$10000,1) -> 1 | CW4: =_xlfn.STDEV.S(H4,N4,T4,Z4,AF4,AL4,AR4,AX4,BD4,BJ4,BP4,BV4,CB4,CH4) -> 10.702008 | CX4: =_xlfn.RANK.EQ(CW4,CW$3:CW$10000,1) -> 31 | CY4: =_xlfn.STDEV.S(J4,P4,V4,AB4,AH4,AN4,AT4,AZ4,BF4,BL4,BR4,BX4,CD4,CJ4) -> 12.768652 | CZ4: =_xlfn.RANK.EQ(CY4,CY$3:CY$10000,1) -> 42 | DA4: =SUM(COUNTIF(E4,">0"),COUNTIF(K4,">0"),COUNTIF(Q4,">0"),COUNTIF(W4,">0"),COUNTIF(AC4,">0"),COUNTIF(AI4,">0"),COUNTIF(AO4,">0"),COUNTIF(AU4,">0"),COUNTIF(BA4,">0"),COUNTIF(BG4,">0"),COUNTIF(BM4,">0"),COUNTIF(BS4,">0"),COUNTIF(BY4,">0"),COUNTIF(CE4,">0")) -> 14
B5: Carlos Vaz Vignolo Carlos Vaz Vignolo | C5: Carlos Vaz Vignolo | D5: =CN5*$CN$1+CP5*$CP$1+CR5*$CR$1 -> 3.875 | E5: =IFERROR(_xlfn.XLOOKUP(B5,'w1'!$B:$B,'w1'!$C:$C),0) -> 59.2 | F5: =_xlfn.RANK.EQ(E5,E$3:E$10000,0) -> 6 | G5: =IFERROR(_xlfn.XLOOKUP(B5,'w1'!$B:$B,'w1'!$F:$F),1) -> 0.25416667 | H5: =_xlfn.RANK.EQ(G5,G$3:G$10000,1) -> 23 | I5: =IFERROR(IF(_xlfn.XLOOKUP(B5,'w1'!$B:$B,'w1'!$G:$G)="--",0,_xlfn.XLOOKUP(B5,'w1'!$B:$B,'w1'!$G:$G)),0) -> 381 | J5: =_xlfn.RANK.EQ(I5,I$3:I$10000,0) -> 24 | K5: =IFERROR(_xlfn.XLOOKUP(B5,'w2'!$B:$B,'w2'!$C:$C),0) -> 77.5 | L5: =_xlfn.RANK.EQ(K5,K$3:K$10000,0) -> 5 | M5: =IFERROR(_xlfn.XLOOKUP(B5,'w2'!$B:$B,'w2'!$F:$F),1) -> 0.25902778 | N5: =_xlfn.RANK.EQ(M5,M$3:M$10000,1) -> 21 | O5: =IFERROR(IF(_xlfn.XLOOKUP(B5,'w2'!$B:$B,'w2'!$G:$G)="--",0,_xlfn.XLOOKUP(B5,'w2'!$B:$B,'w2'!$G:$G)),0) -> 705 | P5: =_xlfn.RANK.EQ(O5,O$3:O$10000,0) -> 11 | Q5: =IFERROR(_xlfn.XLOOKUP(B5,'w3'!$B:$B,'w3'!$C:$C),0) -> 75 | R5: =_xlfn.RANK.EQ(Q5,Q$3:Q$10000,0) -> 4 | S5: =IFERROR(_xlfn.XLOOKUP(B5,'w3'!$B:$B,'w3'!$F:$F),1) -> 0.26388889 | T5: =_xlfn.RANK.EQ(S5,S$3:S$10000,1) -> 33 | U5: =IFERROR(IF(_xlfn.XLOOKUP(B5,'w3'!$B:$B,'w3'!$G:$G)="--",0,_xlfn.XLOOKUP(B5,'w3'!$B:$B,'w3'!$G:$G)),0) -> 1216 | V5: =_xlfn.RANK.EQ(U5,U$3:U$10000,0) -> 9 | W5: =IFERROR(_xlfn.XLOOKUP(B5,'w4'!$B:$B,'w4'!$C:$C),0) -> 77 | X5: =_xlfn.RANK.EQ(W5,W$3:W$10000,0) -> 3 | Y5: =IFERROR(_xlfn.XLOOKUP(B5,'w4'!$B:$B,'w4'!$F:$F),1) -> 0.25486111 | Z5: =_xlfn.RANK.EQ(Y5,Y$3:Y$10000,1) -> 27 | AA5: =IFERROR(IF(_xlfn.XLOOKUP(B5,'w4'!$B:$B,'w4'!$G:$G)="--",0,_xlfn.XLOOKUP(B5,'w4'!$B:$B,'w4'!$G:$G)),0) -> 654 | AB5: =_xlfn.RANK.EQ(AA5,AA$3:AA$10000,0) -> 13 | AC5: =IFERROR(_xlfn.XLOOKUP(B5,'w5'!$B:$B,'w5'!$C:$C),0) -> 44.8 | AD5: =_xlfn.RANK.EQ(AC5,AC$3:AC$10000,0) -> 15 | AE5: =IFERROR(_xlfn.XLOOKUP(B5,'w5'!$B:$B,'w5'!$F:$F),1) -> 0.26388889 | AF5: =_xlfn.RANK.EQ(AE5,AE$3:AE$10000,1) -> 28 | AG5: =IFERROR(IF(_xlfn.XLOOKUP(B5,'w5'!$B:$B,'w5'!$G:$G)="--",0,_xlfn.XLOOKUP(B5,'w5'!$B:$B,'w5'!$G:$G)),0) -> 518 | AH5: =_xlfn.RANK.EQ(AG5,AG$3:AG$10000,0) -> 27 | AI5: =IFERROR(_xlfn.XLOOKUP(B5,'w6'!$B:$B,'w6'!$C:$C),0) -> 70.2 | AJ5: =_xlfn.RANK.EQ(AI5,AI$3:AI$10000,0) -> 3 | AK5: =IFERROR(_xlfn.XLOOKUP(B5,'w6'!$B:$B,'w6'!$F:$F),1) -> 0.25972222 | AL5: =_xlfn.RANK.EQ(AK5,AK$3:AK$10000,1) -> 21 | AM5: =IFERROR(IF(_xlfn.XLOOKUP(B5,'w6'!$B:$B,'w6'!$G:$G)="--",0,_xlfn.XLOOKUP(B5,'w6'!$B:$B,'w6'!$G:$G)),0) -> 816 | AN5: =_xlfn.RANK.EQ(AM5,AM$3:AM$10000,0) -> 9 | AO5: =IFERROR(_xlfn.XLOOKUP(B5,'w7'!$B:$B,'w7'!$C:$C),0) -> 70.4 | AP5: =_xlfn.RANK.EQ(AO5,AO$3:AO$10000,0) -> 2 | AQ5: =IFERROR(_xlfn.XLOOKUP(B5,'w7'!$B:$B,'w7'!$F:$F),1) -> 0.22638889 | AR5: =_xlfn.RANK.EQ(AQ5,AQ$3:AQ$10000,1) -> 6 | AS5: =IFERROR(IF(_xlfn.XLOOKUP(B5,'w7'!$B:$B,'w7'!$G:$G)="--",0,_xlfn.XLOOKUP(B5,'w7'!$B:$B,'w7'!$G:$G)),0) -> 126 | AT5: =_xlfn.RANK.EQ(AS5,AS$3:AS$10000,0) -> 46 | AU5: =IFERROR(_xlfn.XLOOKUP(B5,'w8'!$B:$B,'w8'!$C:$C),0) -> 17.2 | AV5: =_xlfn.RANK.EQ(AU5,AU$3:AU$10000,0) -> 54 | AW5: =IFERROR(_xlfn.XLOOKUP(B5,'w8'!$B:$B,'w8'!$F:$F),1) -> 0.25972222 | AX5: =_xlfn.RANK.EQ(AW5,AW$3:AW$10000,1) -> 24 | AY5: =IFERROR(IF(_xlfn.XLOOKUP(B5,'w8'!$B:$B,'w8'!$G:$G)="--",0,_xlfn.XLOOKUP(B5,'w8'!$B:$B,'w8'!$G:$G)),0) -> 29 | AZ5: =_xlfn.RANK.EQ(AY5,AY$3:AY$10000,0) -> 63 | BA5: =IFERROR(_xlfn.XLOOKUP(C5,'w9'!$B:$B,'w9'!$C:$C),0) -> 42.5 | BB5: =_xlfn.RANK.EQ(BA5,BA$3:BA$10000,0) -> 21 | BC5: =IFERROR(_xlfn.XLOOKUP(C5,'w9'!$B:$B,'w9'!$F:$F),1) -> 0.27361111 | BD5: =_xlfn.RANK.EQ(BC5,BC$3:BC$10000,1) -> 25 | BE5: =IFERROR(IF(_xlfn.XLOOKUP(C5,'w9'!$B:$B,'w9'!$G:$G)="--",0,_xlfn.XLOOKUP(C5,'w9'!$B:$B,'w9'!$G:$G)),0) -> 307 | BF5: =_xlfn.RANK.EQ(BE5,BE$3:BE$10000,0) -> 43 | BG5: =IFERROR(_xlfn.XLOOKUP(B5,'w10'!$B:$B,'w10'!$C:$C),0) -> 55.2 | BH5: =_xlfn.RANK.EQ(BG5,BG$3:BG$10000,0) -> 8 | BI5: =IFERROR(_xlfn.XLOOKUP(B5,'w10'!$B:$B,'w10'!$F:$F),1) -> 0.2625 | BJ5: =_xlfn.RANK.EQ(BI5,BI$3:BI$10000,1) -> 31 | BK5: =IFERROR(IF(_xlfn.XLOOKUP(B5,'w10'!$B:$B,'w10'!$G:$G)="--",0,_xlfn.XLOOKUP(B5,'w10'!$B:$B,'w10'!$G:$G)),0) -> 720 | BL5: =_xlfn.RANK.EQ(BK5,BK$3:BK$10000,0) -> 16 | BM5: =IFERROR(_xlfn.XLOOKUP(B5,'w11'!$B:$B,'w11'!$C:$C),0) -> 58.9 | BN5: =_xlfn.RANK.EQ(BM5,BM$3:BM$10000,0) -> 6 | BO5: =IFERROR(_xlfn.XLOOKUP(B5,'w11'!$B:$B,'w11'!$F:$F),1) -> 0.26527778 | BP5: =_xlfn.RANK.EQ(BO5,BO$3:BO$10000,1) -> 33 | BQ5: =IFERROR(IF(_xlfn.XLOOKUP(B5,'w11'!$B:$B,'w11'!$G:$G)="--",0,_xlfn.XLOOKUP(B5,'w11'!$B:$B,'w11'!$G:$G)),0) -> 680 | BR5: =_xlfn.RANK.EQ(BQ5,BQ$3:BQ$10000,0) -> 12 | BS5: =IFERROR(_xlfn.XLOOKUP(B5,'w12'!$B:$B,'w12'!$C:$C),0) -> 85.6 | BT5: =_xlfn.RANK.EQ(BS5,BS$3:BS$10000,0) -> 3 | BU5: =IFERROR(_xlfn.XLOOKUP(B5,'w12'!$B:$B,'w12'!$F:$F),1) -> 0.25763889 | BV5: =_xlfn.RANK.EQ(BU5,BU$3:BU$10000,1) -> 23 | BW5: =IFERROR(IF(_xlfn.XLOOKUP(B5,'w12'!$B:$B,'w12'!$G:$G)="--",0,_xlfn.XLOOKUP(B5,'w12'!$B:$B,'w12'!$G:$G)),0) -> 1059 | BX5: =_xlfn.RANK.EQ(BW5,BW$3:BW$10000,0) -> 7 | BY5: =IFERROR(_xlfn.XLOOKUP(B5,'w13'!$B:$B,'w13'!$C:$C),0) -> 64.5 | BZ5: =_xlfn.RANK.EQ(BY5,BY$3:BY$10000,0) -> 7 | CA5: =IFERROR(_xlfn.XLOOKUP(B5,'w13'!$B:$B,'w13'!$F:$F),1) -> 0.25416667 | CB5: =_xlfn.RANK.EQ(CA5,CA$3:CA$10000,1) -> 26 | CC5: =IFERROR(IF(_xlfn.XLOOKUP(B5,'w13'!$B:$B,'w13'!$G:$G)="--",0,_xlfn.XLOOKUP(B5,'w13'!$B:$B,'w13'!$G:$G)),0) -> 777 | CD5: =_xlfn.RANK.EQ(CC5,CC$3:CC$10000,0) -> 13 | CE5: =IFERROR(_xlfn.XLOOKUP(B5,'w14'!$B:$B,'w14'!$C:$C),0) -> 65 | CF5: =_xlfn.RANK.EQ(CE5,CE$3:CE$10000,0) -> 6 | CG5: =IFERROR(_xlfn.XLOOKUP(B5,'w14'!$B:$B,'w14'!$F:$F),1) -> 0.25486111 | CH5: =_xlfn.RANK.EQ(CG5,CG$3:CG$10000,1) -> 16 | CI5: =IFERROR(IF(_xlfn.XLOOKUP(B5,'w14'!$B:$B,'w14'!$G:$G)="--",0,_xlfn.XLOOKUP(B5,'w14'!$B:$B,'w14'!$G:$G)),0) -> 621 | CJ5: =_xlfn.RANK.EQ(CI5,CI$3:CI$10000,0) -> 18 | CK5: =_xlfn.RANK.EQ(D5,D$3:D$10000,1) -> 3 | CL5: Carlos Vaz Vignolo | CM5: =SUM(E5,K5,Q5,W5,AC5,AI5,AO5,AU5,BA5,BG5,BM5,BS5,BY5,CE5) -> 863 | CN5: =_xlfn.RANK.EQ(CM5,CM$3:CM$10000) -> 3 | CO5: =IFERROR(SUM(PRODUCT(E5,G5),PRODUCT(K5,M5),PRODUCT(Q5,S5),PRODUCT(W5,Y5),PRODUCT(AC5,AE5),PRODUCT(AI5,AK5),PRODUCT(AO5,AQ5),PRODUCT(AU5,AW5),PRODUCT(BA5,BC5),PRODUCT(BG5,BI5),PRODUCT(BM5,BO5),PRODUCT(BS5,BU5),PRODUCT(BY5,CA5),PRODUCT(CE5,CG5))/CM5,1) -> 0.25695708 | CP5: =_xlfn.RANK.EQ(CO5,CO$3:CO$10000,1) -> 25 | CQ5: =SUM(I5,O5,U5,AA5,AG5,AM5,AS5,AY5,BE5,BK5,BQ5,BW5,CC5,CI5) -> 8609 | CR5: =_xlfn.RANK.EQ(CQ5,CQ$3:CQ$10000) -> 16 | CS5: =_xlfn.RANK.EQ(CT5,CT$3:CT$10000,1) -> 18 | CT5: =CV5*$CN$1+CX5*$CP$1+CZ5*$CR$1 -> 49.45 | CU5: =_xlfn.STDEV.S(F5,L5,R5,X5,AD5,AJ5,AP5,AV5,BB5,BH5,BN5,BT5,BZ5,CF5) -> 13.627904 | CV5: =_xlfn.RANK.EQ(CU5,CU$3:CU$10000,1) -> 50 | CW5: =_xlfn.STDEV.S(H5,N5,T5,Z5,AF5,AL5,AR5,AX5,BD5,BJ5,BP5,BV5,CB5,CH5) -> 7.0652376 | CX5: =_xlfn.RANK.EQ(CW5,CW$3:CW$10000,1) -> 13 | CY5: =_xlfn.STDEV.S(J5,P5,V5,AB5,AH5,AN5,AT5,AZ5,BF5,BL5,BR5,BX5,CD5,CJ5) -> 16.925986 | CZ5: =_xlfn.RANK.EQ(CY5,CY$3:CY$10000,1) -> 65 | DA5: =SUM(COUNTIF(E5,">0"),COUNTIF(K5,">0"),COUNTIF(Q5,">0"),COUNTIF(W5,">0"),COUNTIF(AC5,">0"),COUNTIF(AI5,">0"),COUNTIF(AO5,">0"),COUNTIF(AU5,">0"),COUNTIF(BA5,">0"),COUNTIF(BG5,">0"),COUNTIF(BM5,">0"),COUNTIF(BS5,">0"),COUNTIF(BY5,">0"),COUNTIF(CE5,">0")) -> 14
B6: João Veiga João Veiga | C6: João Veiga | D6: =CN6*$CN$1+CP6*$CP$1+CR6*$CR$1 -> 4.85 | E6: =IFERROR(_xlfn.XLOOKUP(B6,'w1'!$B:$B,'w1'!$C:$C),0) -> 56.7 | F6: =_xlfn.RANK.EQ(E6,E$3:E$10000,0) -> 7 | G6: =IFERROR(_xlfn.XLOOKUP(B6,'w1'!$B:$B,'w1'!$F:$F),1) -> 0.22291667 | H6: =_xlfn.RANK.EQ(G6,G$3:G$10000,1) -> 7 | I6: =IFERROR(IF(_xlfn.XLOOKUP(B6,'w1'!$B:$B,'w1'!$G:$G)="--",0,_xlfn.XLOOKUP(B6,'w1'!$B:$B,'w1'!$G:$G)),0) -> 328 | J6: =_xlfn.RANK.EQ(I6,I$3:I$10000,0) -> 28 | K6: =IFERROR(_xlfn.XLOOKUP(B6,'w2'!$B:$B,'w2'!$C:$C),0) -> 93.2 | L6: =_xlfn.RANK.EQ(K6,K$3:K$10000,0) -> 2 | M6: =IFERROR(_xlfn.XLOOKUP(B6,'w2'!$B:$B,'w2'!$F:$F),1) -> 0.23333333 | N6: =_xlfn.RANK.EQ(M6,M$3:M$10000,1) -> 6 | O6: =IFERROR(IF(_xlfn.XLOOKUP(B6,'w2'!$B:$B,'w2'!$G:$G)="--",0,_xlfn.XLOOKUP(B6,'w2'!$B:$B,'w2'!$G:$G)),0) -> 190 | P6: =_xlfn.RANK.EQ(O6,O$3:O$10000,0) -> 40 | Q6: =IFERROR(_xlfn.XLOOKUP(B6,'w3'!$B:$B,'w3'!$C:$C),0) -> 44.5 | R6: =_xlfn.RANK.EQ(Q6,Q$3:Q$10000,0) -> 16 | S6: =IFERROR(_xlfn.XLOOKUP(B6,'w3'!$B:$B,'w3'!$F:$F),1) -> 0.22708333 | T6: =_xlfn.RANK.EQ(S6,S$3:S$10000,1) -> 4 | U6: =IFERROR(IF(_xlfn.XLOOKUP(B6,'w3'!$B:$B,'w3'!$G:$G)="--",0,_xlfn.XLOOKUP(B6,'w3'!$B:$B,'w3'!$G:$G)),0) -> 165 | V6: =_xlfn.RANK.EQ(U6,U$3:U$10000,0) -> 40 | W6: =IFERROR(_xlfn.XLOOKUP(B6,'w4'!$B:$B,'w4'!$C:$C),0) -> 56.2 | X6: =_xlfn.RANK.EQ(W6,W$3:W$10000,0) -> 8 | Y6: =IFERROR(_xlfn.XLOOKUP(B6,'w4'!$B:$B,'w4'!$F:$F),1) -> 0.21111111 | Z6: =_xlfn.RANK.EQ(Y6,Y$3:Y$10000,1) -> 4 | AA6: =IFERROR(IF(_xlfn.XLOOKUP(B6,'w4'!$B:$B,'w4'!$G:$G)="--",0,_xlfn.XLOOKUP(B6,'w4'!$B:$B,'w4'!$G:$G)),0) -> 304 | AB6: =_xlfn.RANK.EQ(AA6,AA$3:AA$10000,0) -> 26 | AC6: =IFERROR(_xlfn.XLOOKUP(B6,'w5'!$B:$B,'w5'!$C:$C),0) -> 52.4 | AD6: =_xlfn.RANK.EQ(AC6,AC$3:AC$10000,0) -> 7 | AE6: =IFERROR(_xlfn.XLOOKUP(B6,'w5'!$B:$B,'w5'!$F:$F),1) -> 0.21666667 | AF6: =_xlfn.RANK.EQ(AE6,AE$3:AE$10000,1) -> 4 | AG6: =IFERROR(IF(_xlfn.XLOOKUP(B6,'w5'!$B:$B,'w5'!$G:$G)="--",0,_xlfn.XLOOKUP(B6,'w5'!$B:$B,'w5'!$G:$G)),0) -> 280 | AH6: =_xlfn.RANK.EQ(AG6,AG$3:AG$10000,0) -> 34 | AI6: =IFERROR(_xlfn.XLOOKUP(B6,'w6'!$B:$B,'w6'!$C:$C),0) -> 62.5 | AJ6: =_xlfn.RANK.EQ(AI6,AI$3:AI$10000,0) -> 4 | AK6: =IFERROR(_xlfn.XLOOKUP(B6,'w6'!$B:$B,'w6'!$F:$F),1) -> 0.21597222 | AL6: =_xlfn.RANK.EQ(AK6,AK$3:AK$10000,1) -> 3 | AM6: =IFERROR(IF(_xlfn.XLOOKUP(B6,'w6'!$B:$B,'w6'!$G:$G)="--",0,_xlfn.XLOOKUP(B6,'w6'!$B:$B,'w6'!$G:$G)),0) -> 362 | AN6: =_xlfn.RANK.EQ(AM6,AM$3:AM$10000,0) -> 19 | AO6: =IFERROR(_xlfn.XLOOKUP(B6,'w7'!$B:$B,'w7'!$C:$C),0) -> 63 | AP6: =_xlfn.RANK.EQ(AO6,AO$3:AO$10000,0) -> 4 | AQ6: =IFERROR(_xlfn.XLOOKUP(B6,'w7'!$B:$B,'w7'!$F:$F),1) -> 0.22361111 | AR6: =_xlfn.RANK.EQ(AQ6,AQ$3:AQ$10000,1) -> 5 | AS6: =IFERROR(IF(_xlfn.XLOOKUP(B6,'w7'!$B:$B,'w7'!$G:$G)="--",0,_xlfn.XLOOKUP(B6,'w7'!$B:$B,'w7'!$G:$G)),0) -> 145 | AT6: =_xlfn.RANK.EQ(AS6,AS$3:AS$10000,0) -> 42 | AU6: =IFERROR(_xlfn.XLOOKUP(B6,'w8'!$B:$B,'w8'!$C:$C),0) -> 52.7 | AV6: =_xlfn.RANK.EQ(AU6,AU$3:AU$10000,0) -> 10 | AW6: =IFERROR(_xlfn.XLOOKUP(B6,'w8'!$B:$B,'w8'!$F:$F),1) -> 0.22638889 | AX6: =_xlfn.RANK.EQ(AW6,AW$3:AW$10000,1) -> 6 | AY6: =IFERROR(IF(_xlfn.XLOOKUP(B6,'w8'!$B:$B,'w8'!$G:$G)="--",0,_xlfn.XLOOKUP(B6,'w8'!$B:$B,'w8'!$G:$G)),0) -> 236 | AZ6: =_xlfn.RANK.EQ(AY6,AY$3:AY$10000,0) -> 36 | BA6: =IFERROR(_xlfn.XLOOKUP(C6,'w9'!$B:$B,'w9'!$C:$C),0) -> 57.4 | BB6: =_xlfn.RANK.EQ(BA6,BA$3:BA$10000,0) -> 8 | BC6: =IFERROR(_xlfn.XLOOKUP(C6,'w9'!$B:$B,'w9'!$F:$F),1) -> 0.22013889 | BD6: =_xlfn.RANK.EQ(BC6,BC$3:BC$10000,1) -> 4 | BE6: =IFERROR(IF(_xlfn.XLOOKUP(C6,'w9'!$B:$B,'w9'!$G:$G)="--",0,_xlfn.XLOOKUP(C6,'w9'!$B:$B,'w9'!$G:$G)),0) -> 368 | BF6: =_xlfn.RANK.EQ(BE6,BE$3:BE$10000,0) -> 39 | BG6: =IFERROR(_xlfn.XLOOKUP(B6,'w10'!$B:$B,'w10'!$C:$C),0) -> 67.4 | BH6: =_xlfn.RANK.EQ(BG6,BG$3:BG$10000,0) -> 4 | BI6: =IFERROR(_xlfn.XLOOKUP(B6,'w10'!$B:$B,'w10'!$F:$F),1) -> 0.21736111 | BJ6: =_xlfn.RANK.EQ(BI6,BI$3:BI$10000,1) -> 4 | BK6: =IFERROR(IF(_xlfn.XLOOKUP(B6,'w10'!$B:$B,'w10'!$G:$G)="--",0,_xlfn.XLOOKUP(B6,'w10'!$B:$B,'w10'!$G:$G)),0) -> 330 | BL6: =_xlfn.RANK.EQ(BK6,BK$3:BK$10000,0) -> 22 | BM6: =IFERROR(_xlfn.XLOOKUP(B6,'w11'!$B:$B,'w11'!$C:$C),0) -> 36.8 | BN6: =_xlfn.RANK.EQ(BM6,BM$3:BM$10000,0) -> 20 | BO6: =IFERROR(_xlfn.XLOOKUP(B6,'w11'!$B:$B,'w11'!$F:$F),1) -> 0.21666667 | BP6: =_xlfn.RANK.EQ(BO6,BO$3:BO$10000,1) -> 5 | BQ6: =IFERROR(IF(_xlfn.XLOOKUP(B6,'w11'!$B:$B,'w11'!$G:$G)="--",0,_xlfn.XLOOKUP(B6,'w11'!$B:$B,'w11'!$G:$G)),0) -> 227 | BR6: =_xlfn.RANK.EQ(BQ6,BQ$3:BQ$10000,0) -> 35 | BS6: =IFERROR(_xlfn.XLOOKUP(B6,'w12'!$B:$B,'w12'!$C:$C),0) -> 70.3 | BT6: =_xlfn.RANK.EQ(BS6,BS$3:BS$10000,0) -> 5 | BU6: =IFERROR(_xlfn.XLOOKUP(B6,'w12'!$B:$B,'w12'!$F:$F),1) -> 0.25763889 | BV6: =_xlfn.RANK.EQ(BU6,BU$3:BU$10000,1) -> 23 | BW6: =IFERROR(IF(_xlfn.XLOOKUP(B6,'w12'!$B:$B,'w12'!$G:$G)="--",0,_xlfn.XLOOKUP(B6,'w12'!$B:$B,'w12'!$G:$G)),0) -> 253 | BX6: =_xlfn.RANK.EQ(BW6,BW$3:BW$10000,0) -> 27 | BY6: =IFERROR(_xlfn.XLOOKUP(B6,'w13'!$B:$B,'w13'!$C:$C),0) -> 40.5 | BZ6: =_xlfn.RANK.EQ(BY6,BY$3:BY$10000,0) -> 13 | CA6: =IFERROR(_xlfn.XLOOKUP(B6,'w13'!$B:$B,'w13'!$F:$F),1) -> 0.22847222 | CB6: =_xlfn.RANK.EQ(CA6,CA$3:CA$10000,1) -> 10 | CC6: =IFERROR(IF(_xlfn.XLOOKUP(B6,'w13'!$B:$B,'w13'!$G:$G)="--",0,_xlfn.XLOOKUP(B6,'w13'!$B:$B,'w13'!$G:$G)),0) -> 206 | CD6: =_xlfn.RANK.EQ(CC6,CC$3:CC$10000,0) -> 36 | CE6: =IFERROR(_xlfn.XLOOKUP(B6,'w14'!$B:$B,'w14'!$C:$C),0) -> 59.1 | CF6: =_xlfn.RANK.EQ(CE6,CE$3:CE$10000,0) -> 8 | CG6: =IFERROR(_xlfn.XLOOKUP(B6,'w14'!$B:$B,'w14'!$F:$F),1) -> 0.22013889 | CH6: =_xlfn.RANK.EQ(CG6,CG$3:CG$10000,1) -> 4 | CI6: =IFERROR(IF(_xlfn.XLOOKUP(B6,'w14'!$B:$B,'w14'!$G:$G)="--",0,_xlfn.XLOOKUP(B6,'w14'!$B:$B,'w14'!$G:$G)),0) -> 242 | CJ6: =_xlfn.RANK.EQ(CI6,CI$3:CI$10000,0) -> 35 | CK6: =_xlfn.RANK.EQ(D6,D$3:D$10000,1) -> 4 | CL6: João Veiga | CM6: =SUM(E6,K6,Q6,W6,AC6,AI6,AO6,AU6,BA6,BG6,BM6,BS6,BY6,CE6) -> 812.7 | CN6: =_xlfn.RANK.EQ(CM6,CM$3:CM$10000) -> 4 | CO6: =IFERROR(SUM(PRODUCT(E6,G6),PRODUCT(K6,M6),PRODUCT(Q6,S6),PRODUCT(W6,Y6),PRODUCT(AC6,AE6),PRODUCT(AI6,AK6),PRODUCT(AO6,AQ6),PRODUCT(AU6,AW6),PRODUCT(BA6,BC6),PRODUCT(BG6,BI6),PRODUCT(BM6,BO6),PRODUCT(BS6,BU6),PRODUCT(BY6,CA6),PRODUCT(CE6,CG6))/CM6,1) -> 0.22500342 | CP6: =_xlfn.RANK.EQ(CO6,CO$3:CO$10000,1) -> 6 | CQ6: =SUM(I6,O6,U6,AA6,AG6,AM6,AS6,AY6,BE6,BK6,BQ6,BW6,CC6,CI6) -> 3636 | CR6: =_xlfn.RANK.EQ(CQ6,CQ$3:CQ$10000) -> 36 | CS6: =_xlfn.RANK.EQ(CT6,CT$3:CT$10000,1) -> 2 | CT6: =CV6*$CN$1+CX6*$CP$1+CZ6*$CR$1 -> 10.925 | CU6: =_xlfn.STDEV.S(F6,L6,R6,X6,AD6,AJ6,AP6,AV6,BB6,BH6,BN6,BT6,BZ6,CF6) -> 5.0448538 | CV6: =_xlfn.RANK.EQ(CU6,CU$3:CU$10000,1) -> 11 | CW6: =_xlfn.STDEV.S(H6,N6,T6,Z6,AF6,AL6,AR6,AX6,BD6,BJ6,BP6,BV6,CB6,CH6) -> 5.1081706 | CX6: =_xlfn.RANK.EQ(CW6,CW$3:CW$10000,1) -> 6 | CY6: =_xlfn.STDEV.S(J6,P6,V6,AB6,AH6,AN6,AT6,AZ6,BF6,BL6,BR6,BX6,CD6,CJ6) -> 7.1702223 | CZ6: =_xlfn.RANK.EQ(CY6,CY$3:CY$10000,1) -> 13 | DA6: =SUM(COUNTIF(E6,">0"),COUNTIF(K6,">0"),COUNTIF(Q6,">0"),COUNTIF(W6,">0"),COUNTIF(AC6,">0"),COUNTIF(AI6,">0"),COUNTIF(AO6,">0"),COUNTIF(AU6,">0"),COUNTIF(BA6,">0"),COUNTIF(BG6,">0"),COUNTIF(BM6,">0"),COUNTIF(BS6,">0"),COUNTIF(BY6,">0"),COUNTIF(CE6,">0")) -> 14
B7: João Abreu João Abreu | C7: João Abreu | D7: =CN7*$CN$1+CP7*$CP$1+CR7*$CR$1 -> 6.275 | E7: =IFERROR(_xlfn.XLOOKUP(B7,'w1'!$B:$B,'w1'!$C:$C),0) -> 76 | F7: =_xlfn.RANK.EQ(E7,E$3:E$10000,0) -> 2 | G7: =IFERROR(_xlfn.XLOOKUP(B7,'w1'!$B:$B,'w1'!$F:$F),1) -> 0.31875 | H7: =_xlfn.RANK.EQ(G7,G$3:G$10000,1) -> 63 | I7: =IFERROR(IF(_xlfn.XLOOKUP(B7,'w1'!$B:$B,'w1'!$G:$G)="--",0,_xlfn.XLOOKUP(B7,'w1'!$B:$B,'w1'!$G:$G)),0) -> 2129 | J7: =_xlfn.RANK.EQ(I7,I$3:I$10000,0) -> 2 | K7: =IFERROR(_xlfn.XLOOKUP(B7,'w2'!$B:$B,'w2'!$C:$C),0) -> 82.8 | L7: =_xlfn.RANK.EQ(K7,K$3:K$10000,0) -> 4 | M7: =IFERROR(_xlfn.XLOOKUP(B7,'w2'!$B:$B,'w2'!$F:$F),1) -> 0.24305556 | N7: =_xlfn.RANK.EQ(M7,M$3:M$10000,1) -> 11 | O7: =IFERROR(IF(_xlfn.XLOOKUP(B7,'w2'!$B:$B,'w2'!$G:$G)="--",0,_xlfn.XLOOKUP(B7,'w2'!$B:$B,'w2'!$G:$G)),0) -> 1850 | P7: =_xlfn.RANK.EQ(O7,O$3:O$10000,0) -> 5 | Q7: =IFERROR(_xlfn.XLOOKUP(B7,'w3'!$B:$B,'w3'!$C:$C),0) -> 94.3 | R7: =_xlfn.RANK.EQ(Q7,Q$3:Q$10000,0) -> 2 | S7: =IFERROR(_xlfn.XLOOKUP(B7,'w3'!$B:$B,'w3'!$F:$F),1) -> 0.29583333 | T7: =_xlfn.RANK.EQ(S7,S$3:S$10000,1) -> 49 | U7: =IFERROR(IF(_xlfn.XLOOKUP(B7,'w3'!$B:$B,'w3'!$G:$G)="--",0,_xlfn.XLOOKUP(B7,'w3'!$B:$B,'w3'!$G:$G)),0) -> 3134 | V7: =_xlfn.RANK.EQ(U7,U$3:U$10000,0) -> 2 | W7: =IFERROR(_xlfn.XLOOKUP(B7,'w4'!$B:$B,'w4'!$C:$C),0) -> 57.6 | X7: =_xlfn.RANK.EQ(W7,W$3:W$10000,0) -> 6 | Y7: =IFERROR(_xlfn.XLOOKUP(B7,'w4'!$B:$B,'w4'!$F:$F),1) -> 0.23680556 | Z7: =_xlfn.RANK.EQ(Y7,Y$3:Y$10000,1) -> 10 | AA7: =IFERROR(IF(_xlfn.XLOOKUP(B7,'w4'!$B:$B,'w4'!$G:$G)="--",0,_xlfn.XLOOKUP(B7,'w4'!$B:$B,'w4'!$G:$G)),0) -> 1701 | AB7: =_xlfn.RANK.EQ(AA7,AA$3:AA$10000,0) -> 5 | AC7: =IFERROR(_xlfn.XLOOKUP(B7,'w5'!$B:$B,'w5'!$C:$C),0) -> 51.5 | AD7: =_xlfn.RANK.EQ(AC7,AC$3:AC$10000,0) -> 8 | AE7: =IFERROR(_xlfn.XLOOKUP(B7,'w5'!$B:$B,'w5'!$F:$F),1) -> 0.26388889 | AF7: =_xlfn.RANK.EQ(AE7,AE$3:AE$10000,1) -> 28 | AG7: =IFERROR(IF(_xlfn.XLOOKUP(B7,'w5'!$B:$B,'w5'!$G:$G)="--",0,_xlfn.XLOOKUP(B7,'w5'!$B:$B,'w5'!$G:$G)),0) -> 751 | AH7: =_xlfn.RANK.EQ(AG7,AG$3:AG$10000,0) -> 19 | AI7: =IFERROR(_xlfn.XLOOKUP(B7,'w6'!$B:$B,'w6'!$C:$C),0) -> 38.7 | AJ7: =_xlfn.RANK.EQ(AI7,AI$3:AI$10000,0) -> 11 | AK7: =IFERROR(_xlfn.XLOOKUP(B7,'w6'!$B:$B,'w6'!$F:$F),1) -> 0.27013889 | AL7: =_xlfn.RANK.EQ(AK7,AK$3:AK$10000,1) -> 25 | AM7: =IFERROR(IF(_xlfn.XLOOKUP(B7,'w6'!$B:$B,'w6'!$G:$G)="--",0,_xlfn.XLOOKUP(B7,'w6'!$B:$B,'w6'!$G:$G)),0) -> 1019 | AN7: =_xlfn.RANK.EQ(AM7,AM$3:AM$10000,0) -> 5 | AO7: =IFERROR(_xlfn.XLOOKUP(B7,'w7'!$B:$B,'w7'!$C:$C),0) -> 42.6 | AP7: =_xlfn.RANK.EQ(AO7,AO$3:AO$10000,0) -> 16 | AQ7: =IFERROR(_xlfn.XLOOKUP(B7,'w7'!$B:$B,'w7'!$F:$F),1) -> 0.20694444 | AR7: =_xlfn.RANK.EQ(AQ7,AQ$3:AQ$10000,1) -> 3 | AS7: =IFERROR(IF(_xlfn.XLOOKUP(B7,'w7'!$B:$B,'w7'!$G:$G)="--",0,_xlfn.XLOOKUP(B7,'w7'!$B:$B,'w7'!$G:$G)),0) -> 936 | AT7: =_xlfn.RANK.EQ(AS7,AS$3:AS$10000,0) -> 17 | AU7: =IFERROR(_xlfn.XLOOKUP(B7,'w8'!$B:$B,'w8'!$C:$C),0) -> 126.1 | AV7: =_xlfn.RANK.EQ(AU7,AU$3:AU$10000,0) -> 2 | AW7: =IFERROR(_xlfn.XLOOKUP(B7,'w8'!$B:$B,'w8'!$F:$F),1) -> 0.36180556 | AX7: =_xlfn.RANK.EQ(AW7,AW$3:AW$10000,1) -> 63 | AY7: =IFERROR(IF(_xlfn.XLOOKUP(B7,'w8'!$B:$B,'w8'!$G:$G)="--",0,_xlfn.XLOOKUP(B7,'w8'!$B:$B,'w8'!$G:$G)),0) -> 4410 | AZ7: =_xlfn.RANK.EQ(AY7,AY$3:AY$10000,0) -> 1 | BA7: =IFERROR(_xlfn.XLOOKUP(C7,'w9'!$B:$B,'w9'!$C:$C),0) -> 35.7 | BB7: =_xlfn.RANK.EQ(BA7,BA$3:BA$10000,0) -> 28 | BC7: =IFERROR(_xlfn.XLOOKUP(C7,'w9'!$B:$B,'w9'!$F:$F),1) -> 0.24027778 | BD7: =_xlfn.RANK.EQ(BC7,BC$3:BC$10000,1) -> 11 | BE7: =IFERROR(IF(_xlfn.XLOOKUP(C7,'w9'!$B:$B,'w9'!$G:$G)="--",0,_xlfn.XLOOKUP(C7,'w9'!$B:$B,'w9'!$G:$G)),0) -> 910 | BF7: =_xlfn.RANK.EQ(BE7,BE$3:BE$10000,0) -> 8 | BG7: =IFERROR(_xlfn.XLOOKUP(B7,'w10'!$B:$B,'w10'!$C:$C),0) -> 44.5 | BH7: =_xlfn.RANK.EQ(BG7,BG$3:BG$10000,0) -> 17 | BI7: =IFERROR(_xlfn.XLOOKUP(B7,'w10'!$B:$B,'w10'!$F:$F),1) -> 0.33472222 | BJ7: =_xlfn.RANK.EQ(BI7,BI$3:BI$10000,1) -> 63 | BK7: =IFERROR(IF(_xlfn.XLOOKUP(B7,'w10'!$B:$B,'w10'!$G:$G)="--",0,_xlfn.XLOOKUP(B7,'w10'!$B:$B,'w10'!$G:$G)),0) -> 799 | BL7: =_xlfn.RANK.EQ(BK7,BK$3:BK$10000,0) -> 13 | BM7: =IFERROR(_xlfn.XLOOKUP(B7,'w11'!$B:$B,'w11'!$C:$C),0) -> 22.2 | BN7: =_xlfn.RANK.EQ(BM7,BM$3:BM$10000,0) -> 39 | BO7: =IFERROR(_xlfn.XLOOKUP(B7,'w11'!$B:$B,'w11'!$F:$F),1) -> 0.18333333 | BP7: =_xlfn.RANK.EQ(BO7,BO$3:BO$10000,1) -> 1 | BQ7: =IFERROR(IF(_xlfn.XLOOKUP(B7,'w11'!$B:$B,'w11'!$G:$G)="--",0,_xlfn.XLOOKUP(B7,'w11'!$B:$B,'w11'!$G:$G)),0) -> 638 | BR7: =_xlfn.RANK.EQ(BQ7,BQ$3:BQ$10000,0) -> 13 | BS7: =IFERROR(_xlfn.XLOOKUP(B7,'w12'!$B:$B,'w12'!$C:$C),0) -> 14 | BT7: =_xlfn.RANK.EQ(BS7,BS$3:BS$10000,0) -> 49 | BU7: =IFERROR(_xlfn.XLOOKUP(B7,'w12'!$B:$B,'w12'!$F:$F),1) -> 0.22777778 | BV7: =_xlfn.RANK.EQ(BU7,BU$3:BU$10000,1) -> 7 | BW7: =IFERROR(IF(_xlfn.XLOOKUP(B7,'w12'!$B:$B,'w12'!$G:$G)="--",0,_xlfn.XLOOKUP(B7,'w12'!$B:$B,'w12'!$G:$G)),0) -> 379 | BX7: =_xlfn.RANK.EQ(BW7,BW$3:BW$10000,0) -> 15 | BY7: =IFERROR(_xlfn.XLOOKUP(B7,'w13'!$B:$B,'w13'!$C:$C),0) -> 105.3 | BZ7: =_xlfn.RANK.EQ(BY7,BY$3:BY$10000,0) -> 2 | CA7: =IFERROR(_xlfn.XLOOKUP(B7,'w13'!$B:$B,'w13'!$F:$F),1) -> 0.35069444 | CB7: =_xlfn.RANK.EQ(CA7,CA$3:CA$10000,1) -> 59 | CC7: =IFERROR(IF(_xlfn.XLOOKUP(B7,'w13'!$B:$B,'w13'!$G:$G)="--",0,_xlfn.XLOOKUP(B7,'w13'!$B:$B,'w13'!$G:$G)),0) -> 1773 | CD7: =_xlfn.RANK.EQ(CC7,CC$3:CC$10000,0) -> 5 | CE7: =IFERROR(_xlfn.XLOOKUP(B7,'w14'!$B:$B,'w14'!$C:$C),0) -> 0 | CF7: =_xlfn.RANK.EQ(CE7,CE$3:CE$10000,0) -> 69 | CG7: =IFERROR(_xlfn.XLOOKUP(B7,'w14'!$B:$B,'w14'!$F:$F),1) -> 1 | CH7: =_xlfn.RANK.EQ(CG7,CG$3:CG$10000,1) -> 69 | CI7: =IFERROR(IF(_xlfn.XLOOKUP(B7,'w14'!$B:$B,'w14'!$G:$G)="--",0,_xlfn.XLOOKUP(B7,'w14'!$B:$B,'w14'!$G:$G)),0) -> 0 | CJ7: =_xlfn.RANK.EQ(CI7,CI$3:CI$10000,0) -> 69 | CK7: =_xlfn.RANK.EQ(D7,D$3:D$10000,1) -> 5 | CL7: João Abreu | CM7: =SUM(E7,K7,Q7,W7,AC7,AI7,AO7,AU7,BA7,BG7,BM7,BS7,BY7,CE7) -> 791.3 | CN7: =_xlfn.RANK.EQ(CM7,CM$3:CM$10000) -> 5 | CO7: =IFERROR(SUM(PRODUCT(E7,G7),PRODUCT(K7,M7),PRODUCT(Q7,S7),PRODUCT(W7,Y7),PRODUCT(AC7,AE7),PRODUCT(AI7,AK7),PRODUCT(AO7,AQ7),PRODUCT(AU7,AW7),PRODUCT(BA7,BC7),PRODUCT(BG7,BI7),PRODUCT(BM7,BO7),PRODUCT(BS7,BU7),PRODUCT(BY7,CA7),PRODUCT(CE7,CG7))/CM7,1) -> 0.293228 | CP7: =_xlfn.RANK.EQ(CO7,CO$3:CO$10000,1) -> 55 | CQ7: =SUM(I7,O7,U7,AA7,AG7,AM7,AS7,AY7,BE7,BK7,BQ7,BW7,CC7,CI7) -> 20429 | CR7: =_xlfn.RANK.EQ(CQ7,CQ$3:CQ$10000) -> 6 | CS7: =_xlfn.RANK.EQ(CT7,CT$3:CT$10000,1) -> 32 | CT7: =CV7*$CN$1+CX7*$CP$1+CZ7*$CR$1 -> 89.75 | CU7: =_xlfn.STDEV.S(F7,L7,R7,X7,AD7,AJ7,AP7,AV7,BB7,BH7,BN7,BT7,BZ7,CF7) -> 20.792671 | CV7: =_xlfn.RANK.EQ(CU7,CU$3:CU$10000,1) -> 90 | CW7: =_xlfn.STDEV.S(H7,N7,T7,Z7,AF7,AL7,AR7,AX7,BD7,BJ7,BP7,BV7,CB7,CH7) -> 26.477857 | CX7: =_xlfn.RANK.EQ(CW7,CW$3:CW$10000,1) -> 100 | CY7: =_xlfn.STDEV.S(J7,P7,V7,AB7,AH7,AN7,AT7,AZ7,BF7,BL7,BR7,BX7,CD7,CJ7) -> 17.227789 | CZ7: =_xlfn.RANK.EQ(CY7,CY$3:CY$10000,1) -> 70 | DA7: =SUM(COUNTIF(E7,">0"),COUNTIF(K7,">0"),COUNTIF(Q7,">0"),COUNTIF(W7,">0"),COUNTIF(AC7,">0"),COUNTIF(AI7,">0"),COUNTIF(AO7,">0"),COUNTIF(AU7,">0"),COUNTIF(BA7,">0"),COUNTIF(BG7,">0"),COUNTIF(BM7,">0"),COUNTIF(BS7,">0"),COUNTIF(BY7,">0"),COUNTIF(CE7,">0")) -> 13
B8: Carmen Ferreira Carmen Ferreira | C8: Carmen Ferreira | D8: =CN8*$CN$1+CP8*$CP$1+CR8*$CR$1 -> 7.875 | E8: =IFERROR(_xlfn.XLOOKUP(B8,'w1'!$B:$B,'w1'!$C:$C),0) -> 64.4 | F8: =_xlfn.RANK.EQ(E8,E$3:E$10000,0) -> 3 | G8: =IFERROR(_xlfn.XLOOKUP(B8,'w1'!$B:$B,'w1'!$F:$F),1) -> 0.3875 | H8: =_xlfn.RANK.EQ(G8,G$3:G$10000,1) -> 75 | I8: =IFERROR(IF(_xlfn.XLOOKUP(B8,'w1'!$B:$B,'w1'!$G:$G)="--",0,_xlfn.XLOOKUP(B8,'w1'!$B:$B,'w1'!$G:$G)),0) -> 2493 | J8: =_xlfn.RANK.EQ(I8,I$3:I$10000,0) -> 1 | K8: =IFERROR(_xlfn.XLOOKUP(B8,'w2'!$B:$B,'w2'!$C:$C),0) -> 40.9 | L8: =_xlfn.RANK.EQ(K8,K$3:K$10000,0) -> 16 | M8: =IFERROR(_xlfn.XLOOKUP(B8,'w2'!$B:$B,'w2'!$F:$F),1) -> 0.35138889 | N8: =_xlfn.RANK.EQ(M8,M$3:M$10000,1) -> 63 | O8: =IFERROR(IF(_xlfn.XLOOKUP(B8,'w2'!$B:$B,'w2'!$G:$G)="--",0,_xlfn.XLOOKUP(B8,'w2'!$B:$B,'w2'!$G:$G)),0) -> 1467 | P8: =_xlfn.RANK.EQ(O8,O$3:O$10000,0) -> 6 | Q8: =IFERROR(_xlfn.XLOOKUP(B8,'w3'!$B:$B,'w3'!$C:$C),0) -> 52.2 | R8: =_xlfn.RANK.EQ(Q8,Q$3:Q$10000,0) -> 11 | S8: =IFERROR(_xlfn.XLOOKUP(B8,'w3'!$B:$B,'w3'!$F:$F),1) -> 0.34166667 | T8: =_xlfn.RANK.EQ(S8,S$3:S$10000,1) -> 68 | U8: =IFERROR(IF(_xlfn.XLOOKUP(B8,'w3'!$B:$B,'w3'!$G:$G)="--",0,_xlfn.XLOOKUP(B8,'w3'!$B:$B,'w3'!$G:$G)),0) -> 1774 | V8: =_xlfn.RANK.EQ(U8,U$3:U$10000,0) -> 5 | W8: =IFERROR(_xlfn.XLOOKUP(B8,'w4'!$B:$B,'w4'!$C:$C),0) -> 37.9 | X8: =_xlfn.RANK.EQ(W8,W$3:W$10000,0) -> 17 | Y8: =IFERROR(_xlfn.XLOOKUP(B8,'w4'!$B:$B,'w4'!$F:$F),1) -> 0.28819444 | Z8: =_xlfn.RANK.EQ(Y8,Y$3:Y$10000,1) -> 43 | AA8: =IFERROR(IF(_xlfn.XLOOKUP(B8,'w4'!$B:$B,'w4'!$G:$G)="--",0,_xlfn.XLOOKUP(B8,'w4'!$B:$B,'w4'!$G:$G)),0) -> 403 | AB8: =_xlfn.RANK.EQ(AA8,AA$3:AA$10000,0) -> 20 | AC8: =IFERROR(_xlfn.XLOOKUP(B8,'w5'!$B:$B,'w5'!$C:$C),0) -> 39.8 | AD8: =_xlfn.RANK.EQ(AC8,AC$3:AC$10000,0) -> 25 | AE8: =IFERROR(_xlfn.XLOOKUP(B8,'w5'!$B:$B,'w5'!$F:$F),1) -> 0.38958333 | AF8: =_xlfn.RANK.EQ(AE8,AE$3:AE$10000,1) -> 64 | AG8: =IFERROR(IF(_xlfn.XLOOKUP(B8,'w5'!$B:$B,'w5'!$G:$G)="--",0,_xlfn.XLOOKUP(B8,'w5'!$B:$B,'w5'!$G:$G)),0) -> 1998 | AH8: =_xlfn.RANK.EQ(AG8,AG$3:AG$10000,0) -> 4 | AI8: =IFERROR(_xlfn.XLOOKUP(B8,'w6'!$B:$B,'w6'!$C:$C),0) -> 31.7 | AJ8: =_xlfn.RANK.EQ(AI8,AI$3:AI$10000,0) -> 16 | AK8: =IFERROR(_xlfn.XLOOKUP(B8,'w6'!$B:$B,'w6'!$F:$F),1) -> 0.29583333 | AL8: =_xlfn.RANK.EQ(AK8,AK$3:AK$10000,1) -> 37 | AM8: =IFERROR(IF(_xlfn.XLOOKUP(B8,'w6'!$B:$B,'w6'!$G:$G)="--",0,_xlfn.XLOOKUP(B8,'w6'!$B:$B,'w6'!$G:$G)),0) -> 873 | AN8: =_xlfn.RANK.EQ(AM8,AM$3:AM$10000,0) -> 8 | AO8: =IFERROR(_xlfn.XLOOKUP(B8,'w7'!$B:$B,'w7'!$C:$C),0) -> 48.6 | AP8: =_xlfn.RANK.EQ(AO8,AO$3:AO$10000,0) -> 11 | AQ8: =IFERROR(_xlfn.XLOOKUP(B8,'w7'!$B:$B,'w7'!$F:$F),1) -> 0.35625 | AR8: =_xlfn.RANK.EQ(AQ8,AQ$3:AQ$10000,1) -> 55 | AS8: =IFERROR(IF(_xlfn.XLOOKUP(B8,'w7'!$B:$B,'w7'!$G:$G)="--",0,_xlfn.XLOOKUP(B8,'w7'!$B:$B,'w7'!$G:$G)),0) -> 1975 | AT8: =_xlfn.RANK.EQ(AS8,AS$3:AS$10000,0) -> 2 | AU8: =IFERROR(_xlfn.XLOOKUP(B8,'w8'!$B:$B,'w8'!$C:$C),0) -> 119.9 | AV8: =_xlfn.RANK.EQ(AU8,AU$3:AU$10000,0) -> 3 | AW8: =IFERROR(_xlfn.XLOOKUP(B8,'w8'!$B:$B,'w8'!$F:$F),1) -> 0.39444444 | AX8: =_xlfn.RANK.EQ(AW8,AW$3:AW$10000,1) -> 67 | AY8: =IFERROR(IF(_xlfn.XLOOKUP(B8,'w8'!$B:$B,'w8'!$G:$G)="--",0,_xlfn.XLOOKUP(B8,'w8'!$B:$B,'w8'!$G:$G)),0) -> 4181 | AZ8: =_xlfn.RANK.EQ(AY8,AY$3:AY$10000,0) -> 2 | BA8: =IFERROR(_xlfn.XLOOKUP(C8,'w9'!$B:$B,'w9'!$C:$C),0) -> 67 | BB8: =_xlfn.RANK.EQ(BA8,BA$3:BA$10000,0) -> 6 | BC8: =IFERROR(_xlfn.XLOOKUP(C8,'w9'!$B:$B,'w9'!$F:$F),1) -> 0.32986111 | BD8: =_xlfn.RANK.EQ(BC8,BC$3:BC$10000,1) -> 55 | BE8: =IFERROR(IF(_xlfn.XLOOKUP(C8,'w9'!$B:$B,'w9'!$G:$G)="--",0,_xlfn.XLOOKUP(C8,'w9'!$B:$B,'w9'!$G:$G)),0) -> 1854 | BF8: =_xlfn.RANK.EQ(BE8,BE$3:BE$10000,0) -> 3 | BG8: =IFERROR(_xlfn.XLOOKUP(B8,'w10'!$B:$B,'w10'!$C:$C),0) -> 65.9 | BH8: =_xlfn.RANK.EQ(BG8,BG$3:BG$10000,0) -> 5 | BI8: =IFERROR(_xlfn.XLOOKUP(B8,'w10'!$B:$B,'w10'!$F:$F),1) -> 0.35 | BJ8: =_xlfn.RANK.EQ(BI8,BI$3:BI$10000,1) -> 68 | BK8: =IFERROR(IF(_xlfn.XLOOKUP(B8,'w10'!$B:$B,'w10'!$G:$G)="--",0,_xlfn.XLOOKUP(B8,'w10'!$B:$B,'w10'!$G:$G)),0) -> 2931 | BL8: =_xlfn.RANK.EQ(BK8,BK$3:BK$10000,0) -> 1 | BM8: =IFERROR(_xlfn.XLOOKUP(B8,'w11'!$B:$B,'w11'!$C:$C),0) -> 20.1 | BN8: =_xlfn.RANK.EQ(BM8,BM$3:BM$10000,0) -> 45 | BO8: =IFERROR(_xlfn.XLOOKUP(B8,'w11'!$B:$B,'w11'!$F:$F),1) -> 0.2625 | BP8: =_xlfn.RANK.EQ(BO8,BO$3:BO$10000,1) -> 29 | BQ8: =IFERROR(IF(_xlfn.XLOOKUP(B8,'w11'!$B:$B,'w11'!$G:$G)="--",0,_xlfn.XLOOKUP(B8,'w11'!$B:$B,'w11'!$G:$G)),0) -> 211 | BR8: =_xlfn.RANK.EQ(BQ8,BQ$3:BQ$10000,0) -> 40 | BS8: =IFERROR(_xlfn.XLOOKUP(B8,'w12'!$B:$B,'w12'!$C:$C),0) -> 59 | BT8: =_xlfn.RANK.EQ(BS8,BS$3:BS$10000,0) -> 6 | BU8: =IFERROR(_xlfn.XLOOKUP(B8,'w12'!$B:$B,'w12'!$F:$F),1) -> 0.32847222 | BV8: =_xlfn.RANK.EQ(BU8,BU$3:BU$10000,1) -> 59 | BW8: =IFERROR(IF(_xlfn.XLOOKUP(B8,'w12'!$B:$B,'w12'!$G:$G)="--",0,_xlfn.XLOOKUP(B8,'w12'!$B:$B,'w12'!$G:$G)),0) -> 1713 | BX8: =_xlfn.RANK.EQ(BW8,BW$3:BW$10000,0) -> 5 | BY8: =IFERROR(_xlfn.XLOOKUP(B8,'w13'!$B:$B,'w13'!$C:$C),0) -> 66.1 | BZ8: =_xlfn.RANK.EQ(BY8,BY$3:BY$10000,0) -> 5 | CA8: =IFERROR(_xlfn.XLOOKUP(B8,'w13'!$B:$B,'w13'!$F:$F),1) -> 0.34861111 | CB8: =_xlfn.RANK.EQ(CA8,CA$3:CA$10000,1) -> 58 | CC8: =IFERROR(IF(_xlfn.XLOOKUP(B8,'w13'!$B:$B,'w13'!$G:$G)="--",0,_xlfn.XLOOKUP(B8,'w13'!$B:$B,'w13'!$G:$G)),0) -> 1924 | CD8: =_xlfn.RANK.EQ(CC8,CC$3:CC$10000,0) -> 4 | CE8: =IFERROR(_xlfn.XLOOKUP(B8,'w14'!$B:$B,'w14'!$C:$C),0) -> 39.8 | CF8: =_xlfn.RANK.EQ(CE8,CE$3:CE$10000,0) -> 20 | CG8: =IFERROR(_xlfn.XLOOKUP(B8,'w14'!$B:$B,'w14'!$F:$F),1) -> 0.36875 | CH8: =_xlfn.RANK.EQ(CG8,CG$3:CG$10000,1) -> 58 | CI8: =IFERROR(IF(_xlfn.XLOOKUP(B8,'w14'!$B:$B,'w14'!$G:$G)="--",0,_xlfn.XLOOKUP(B8,'w14'!$B:$B,'w14'!$G:$G)),0) -> 1612 | CJ8: =_xlfn.RANK.EQ(CI8,CI$3:CI$10000,0) -> 7 | CK8: =_xlfn.RANK.EQ(D8,D$3:D$10000,1) -> 6 | CL8: Carmen Ferreira | CM8: =SUM(E8,K8,Q8,W8,AC8,AI8,AO8,AU8,BA8,BG8,BM8,BS8,BY8,CE8) -> 753.3 | CN8: =_xlfn.RANK.EQ(CM8,CM$3:CM$10000) -> 6 | CO8: =IFERROR(SUM(PRODUCT(E8,G8),PRODUCT(K8,M8),PRODUCT(Q8,S8),PRODUCT(W8,Y8),PRODUCT(AC8,AE8),PRODUCT(AI8,AK8),PRODUCT(AO8,AQ8),PRODUCT(AU8,AW8),PRODUCT(BA8,BC8),PRODUCT(BG8,BI8),PRODUCT(BM8,BO8),PRODUCT(BS8,BU8),PRODUCT(BY8,CA8),PRODUCT(CE8,CG8))/CM8,1) -> 0.35194026 | CP8: =_xlfn.RANK.EQ(CO8,CO$3:CO$10000,1) -> 85 | CQ8: =SUM(I8,O8,U8,AA8,AG8,AM8,AS8,AY8,BE8,BK8,BQ8,BW8,CC8,CI8) -> 25409 | CR8: =_xlfn.RANK.EQ(CQ8,CQ$3:CQ$10000) -> 2 | CS8: =_xlfn.RANK.EQ(CT8,CT$3:CT$10000,1) -> 9 | CT8: =CV8*$CN$1+CX8*$CP$1+CZ8*$CR$1 -> 36.925 | CU8: =_xlfn.STDEV.S(F8,L8,R8,X8,AD8,AJ8,AP8,AV8,BB8,BH8,BN8,BT8,BZ8,CF8) -> 11.373045 | CV8: =_xlfn.RANK.EQ(CU8,CU$3:CU$10000,1) -> 37 | CW8: =_xlfn.STDEV.S(H8,N8,T8,Z8,AF8,AL8,AR8,AX8,BD8,BJ8,BP8,BV8,CB8,CH8) -> 12.845019 | CX8: =_xlfn.RANK.EQ(CW8,CW$3:CW$10000,1) -> 41 | CY8: =_xlfn.STDEV.S(J8,P8,V8,AB8,AH8,AN8,AT8,AZ8,BF8,BL8,BR8,BX8,CD8,CJ8) -> 10.43978 | CZ8: =_xlfn.RANK.EQ(CY8,CY$3:CY$10000,1) -> 30 | DA8: =SUM(COUNTIF(E8,">0"),COUNTIF(K8,">0"),COUNTIF(Q8,">0"),COUNTIF(W8,">0"),COUNTIF(AC8,">0"),COUNTIF(AI8,">0"),COUNTIF(AO8,">0"),COUNTIF(AU8,">0"),COUNTIF(BA8,">0"),COUNTIF(BG8,">0"),COUNTIF(BM8,">0"),COUNTIF(BS8,">0"),COUNTIF(BY8,">0"),COUNTIF(CE8,">0")) -> 14
B9: Marina Marques Marina Marques | C9: Marina Marques | D9: =CN9*$CN$1+CP9*$CP$1+CR9*$CR$1 -> 8.575 | E9: =IFERROR(_xlfn.XLOOKUP(B9,'w1'!$B:$B,'w1'!$C:$C),0) -> 25.3 | F9: =_xlfn.RANK.EQ(E9,E$3:E$10000,0) -> 31 | G9: =IFERROR(_xlfn.XLOOKUP(B9,'w1'!$B:$B,'w1'!$F:$F),1) -> 0.24652778 | H9: =_xlfn.RANK.EQ(G9,G$3:G$10000,1) -> 16 | I9: =IFERROR(IF(_xlfn.XLOOKUP(B9,'w1'!$B:$B,'w1'!$G:$G)="--",0,_xlfn.XLOOKUP(B9,'w1'!$B:$B,'w1'!$G:$G)),0) -> 175 | J9: =_xlfn.RANK.EQ(I9,I$3:I$10000,0) -> 47 | K9: =IFERROR(_xlfn.XLOOKUP(B9,'w2'!$B:$B,'w2'!$C:$C),0) -> 49.1 | L9: =_xlfn.RANK.EQ(K9,K$3:K$10000,0) -> 10 | M9: =IFERROR(_xlfn.XLOOKUP(B9,'w2'!$B:$B,'w2'!$F:$F),1) -> 0.34375 | N9: =_xlfn.RANK.EQ(M9,M$3:M$10000,1) -> 61 | O9: =IFERROR(IF(_xlfn.XLOOKUP(B9,'w2'!$B:$B,'w2'!$G:$G)="--",0,_xlfn.XLOOKUP(B9,'w2'!$B:$B,'w2'!$G:$G)),0) -> 1965 | P9: =_xlfn.RANK.EQ(O9,O$3:O$10000,0) -> 4 | Q9: =IFERROR(_xlfn.XLOOKUP(B9,'w3'!$B:$B,'w3'!$C:$C),0) -> 32.7 | R9: =_xlfn.RANK.EQ(Q9,Q$3:Q$10000,0) -> 27 | S9: =IFERROR(_xlfn.XLOOKUP(B9,'w3'!$B:$B,'w3'!$F:$F),1) -> 0.32083333 | T9: =_xlfn.RANK.EQ(S9,S$3:S$10000,1) -> 63 | U9: =IFERROR(IF(_xlfn.XLOOKUP(B9,'w3'!$B:$B,'w3'!$G:$G)="--",0,_xlfn.XLOOKUP(B9,'w3'!$B:$B,'w3'!$G:$G)),0) -> 594 | V9: =_xlfn.RANK.EQ(U9,U$3:U$10000,0) -> 17 | W9: =IFERROR(_xlfn.XLOOKUP(B9,'w4'!$B:$B,'w4'!$C:$C),0) -> 62.5 | X9: =_xlfn.RANK.EQ(W9,W$3:W$10000,0) -> 5 | Y9: =IFERROR(_xlfn.XLOOKUP(B9,'w4'!$B:$B,'w4'!$F:$F),1) -> 0.36597222 | Z9: =_xlfn.RANK.EQ(Y9,Y$3:Y$10000,1) -> 65 | AA9: =IFERROR(IF(_xlfn.XLOOKUP(B9,'w4'!$B:$B,'w4'!$G:$G)="--",0,_xlfn.XLOOKUP(B9,'w4'!$B:$B,'w4'!$G:$G)),0) -> 1557 | AB9: =_xlfn.RANK.EQ(AA9,AA$3:AA$10000,0) -> 8 | AC9: =IFERROR(_xlfn.XLOOKUP(B9,'w5'!$B:$B,'w5'!$C:$C),0) -> 56.6 | AD9: =_xlfn.RANK.EQ(AC9,AC$3:AC$10000,0) -> 5 | AE9: =IFERROR(_xlfn.XLOOKUP(B9,'w5'!$B:$B,'w5'!$F:$F),1) -> 0.32083333 | AF9: =_xlfn.RANK.EQ(AE9,AE$3:AE$10000,1) -> 49 | AG9: =IFERROR(IF(_xlfn.XLOOKUP(B9,'w5'!$B:$B,'w5'!$G:$G)="--",0,_xlfn.XLOOKUP(B9,'w5'!$B:$B,'w5'!$G:$G)),0) -> 1077 | AH9: =_xlfn.RANK.EQ(AG9,AG$3:AG$10000,0) -> 14 | AI9: =IFERROR(_xlfn.XLOOKUP(B9,'w6'!$B:$B,'w6'!$C:$C),0) -> 45.9 | AJ9: =_xlfn.RANK.EQ(AI9,AI$3:AI$10000,0) -> 7 | AK9: =IFERROR(_xlfn.XLOOKUP(B9,'w6'!$B:$B,'w6'!$F:$F),1) -> 0.29930556 | AL9: =_xlfn.RANK.EQ(AK9,AK$3:AK$10000,1) -> 39 | AM9: =IFERROR(IF(_xlfn.XLOOKUP(B9,'w6'!$B:$B,'w6'!$G:$G)="--",0,_xlfn.XLOOKUP(B9,'w6'!$B:$B,'w6'!$G:$G)),0) -> 804 | AN9: =_xlfn.RANK.EQ(AM9,AM$3:AM$10000,0) -> 10 | AO9: =IFERROR(_xlfn.XLOOKUP(B9,'w7'!$B:$B,'w7'!$C:$C),0) -> 55.8 | AP9: =_xlfn.RANK.EQ(AO9,AO$3:AO$10000,0) -> 8 | AQ9: =IFERROR(_xlfn.XLOOKUP(B9,'w7'!$B:$B,'w7'!$F:$F),1) -> 0.31041667 | AR9: =_xlfn.RANK.EQ(AQ9,AQ$3:AQ$10000,1) -> 46 | AS9: =IFERROR(IF(_xlfn.XLOOKUP(B9,'w7'!$B:$B,'w7'!$G:$G)="--",0,_xlfn.XLOOKUP(B9,'w7'!$B:$B,'w7'!$G:$G)),0) -> 1587 | AT9: =_xlfn.RANK.EQ(AS9,AS$3:AS$10000,0) -> 6 | AU9: =IFERROR(_xlfn.XLOOKUP(B9,'w8'!$B:$B,'w8'!$C:$C),0) -> 51.5 | AV9: =_xlfn.RANK.EQ(AU9,AU$3:AU$10000,0) -> 13 | AW9: =IFERROR(_xlfn.XLOOKUP(B9,'w8'!$B:$B,'w8'!$F:$F),1) -> 0.31736111 | AX9: =_xlfn.RANK.EQ(AW9,AW$3:AW$10000,1) -> 54 | AY9: =IFERROR(IF(_xlfn.XLOOKUP(B9,'w8'!$B:$B,'w8'!$G:$G)="--",0,_xlfn.XLOOKUP(B9,'w8'!$B:$B,'w8'!$G:$G)),0) -> 1125 | AZ9: =_xlfn.RANK.EQ(AY9,AY$3:AY$10000,0) -> 11 | BA9: =IFERROR(_xlfn.XLOOKUP(C9,'w9'!$B:$B,'w9'!$C:$C),0) -> 47.7 | BB9: =_xlfn.RANK.EQ(BA9,BA$3:BA$10000,0) -> 18 | BC9: =IFERROR(_xlfn.XLOOKUP(C9,'w9'!$B:$B,'w9'!$F:$F),1) -> 0.33472222 | BD9: =_xlfn.RANK.EQ(BC9,BC$3:BC$10000,1) -> 58 | BE9: =IFERROR(IF(_xlfn.XLOOKUP(C9,'w9'!$B:$B,'w9'!$G:$G)="--",0,_xlfn.XLOOKUP(C9,'w9'!$B:$B,'w9'!$G:$G)),0) -> 1443 | BF9: =_xlfn.RANK.EQ(BE9,BE$3:BE$10000,0) -> 5 | BG9: =IFERROR(_xlfn.XLOOKUP(B9,'w10'!$B:$B,'w10'!$C:$C),0) -> 70.4 | BH9: =_xlfn.RANK.EQ(BG9,BG$3:BG$10000,0) -> 3 | BI9: =IFERROR(_xlfn.XLOOKUP(B9,'w10'!$B:$B,'w10'!$F:$F),1) -> 0.30694444 | BJ9: =_xlfn.RANK.EQ(BI9,BI$3:BI$10000,1) -> 53 | BK9: =IFERROR(IF(_xlfn.XLOOKUP(B9,'w10'!$B:$B,'w10'!$G:$G)="--",0,_xlfn.XLOOKUP(B9,'w10'!$B:$B,'w10'!$G:$G)),0) -> 2440 | BL9: =_xlfn.RANK.EQ(BK9,BK$3:BK$10000,0) -> 3 | BM9: =IFERROR(_xlfn.XLOOKUP(B9,'w11'!$B:$B,'w11'!$C:$C),0) -> 77.6 | BN9: =_xlfn.RANK.EQ(BM9,BM$3:BM$10000,0) -> 3 | BO9: =IFERROR(_xlfn.XLOOKUP(B9,'w11'!$B:$B,'w11'!$F:$F),1) -> 0.31527778 | BP9: =_xlfn.RANK.EQ(BO9,BO$3:BO$10000,1) -> 55 | BQ9: =IFERROR(IF(_xlfn.XLOOKUP(B9,'w11'!$B:$B,'w11'!$G:$G)="--",0,_xlfn.XLOOKUP(B9,'w11'!$B:$B,'w11'!$G:$G)),0) -> 2174 | BR9: =_xlfn.RANK.EQ(BQ9,BQ$3:BQ$10000,0) -> 3 | BS9: =IFERROR(_xlfn.XLOOKUP(B9,'w12'!$B:$B,'w12'!$C:$C),0) -> 80.7 | BT9: =_xlfn.RANK.EQ(BS9,BS$3:BS$10000,0) -> 4 | BU9: =IFERROR(_xlfn.XLOOKUP(B9,'w12'!$B:$B,'w12'!$F:$F),1) -> 0.31527778 | BV9: =_xlfn.RANK.EQ(BU9,BU$3:BU$10000,1) -> 56 | BW9: =IFERROR(IF(_xlfn.XLOOKUP(B9,'w12'!$B:$B,'w12'!$G:$G)="--",0,_xlfn.XLOOKUP(B9,'w12'!$B:$B,'w12'!$G:$G)),0) -> 2221 | BX9: =_xlfn.RANK.EQ(BW9,BW$3:BW$10000,0) -> 2 | BY9: =IFERROR(_xlfn.XLOOKUP(B9,'w13'!$B:$B,'w13'!$C:$C),0) -> 25.4 | BZ9: =_xlfn.RANK.EQ(BY9,BY$3:BY$10000,0) -> 33 | CA9: =IFERROR(_xlfn.XLOOKUP(B9,'w13'!$B:$B,'w13'!$F:$F),1) -> 0.28541667 | CB9: =_xlfn.RANK.EQ(CA9,CA$3:CA$10000,1) -> 43 | CC9: =IFERROR(IF(_xlfn.XLOOKUP(B9,'w13'!$B:$B,'w13'!$G:$G)="--",0,_xlfn.XLOOKUP(B9,'w13'!$B:$B,'w13'!$G:$G)),0) -> 135 | CD9: =_xlfn.RANK.EQ(CC9,CC$3:CC$10000,0) -> 43 | CE9: =IFERROR(_xlfn.XLOOKUP(B9,'w14'!$B:$B,'w14'!$C:$C),0) -> 65.8 | CF9: =_xlfn.RANK.EQ(CE9,CE$3:CE$10000,0) -> 5 | CG9: =IFERROR(_xlfn.XLOOKUP(B9,'w14'!$B:$B,'w14'!$F:$F),1) -> 0.32708333 | CH9: =_xlfn.RANK.EQ(CG9,CG$3:CG$10000,1) -> 50 | CI9: =IFERROR(IF(_xlfn.XLOOKUP(B9,'w14'!$B:$B,'w14'!$G:$G)="--",0,_xlfn.XLOOKUP(B9,'w14'!$B:$B,'w14'!$G:$G)),0) -> 1612 | CJ9: =_xlfn.RANK.EQ(CI9,CI$3:CI$10000,0) -> 7 | CK9: =_xlfn.RANK.EQ(D9,D$3:D$10000,1) -> 7 | CL9: Marina Marques | CM9: =SUM(E9,K9,Q9,W9,AC9,AI9,AO9,AU9,BA9,BG9,BM9,BS9,BY9,CE9) -> 747 | CN9: =_xlfn.RANK.EQ(CM9,CM$3:CM$10000) -> 7 | CO9: =IFERROR(SUM(PRODUCT(E9,G9),PRODUCT(K9,M9),PRODUCT(Q9,S9),PRODUCT(W9,Y9),PRODUCT(AC9,AE9),PRODUCT(AI9,AK9),PRODUCT(AO9,AQ9),PRODUCT(AU9,AW9),PRODUCT(BA9,BC9),PRODUCT(BG9,BI9),PRODUCT(BM9,BO9),PRODUCT(BS9,BU9),PRODUCT(BY9,CA9),PRODUCT(CE9,CG9))/CM9,1) -> 0.3190063 | CP9: =_xlfn.RANK.EQ(CO9,CO$3:CO$10000,1) -> 70 | CQ9: =SUM(I9,O9,U9,AA9,AG9,AM9,AS9,AY9,BE9,BK9,BQ9,BW9,CC9,CI9) -> 18909 | CR9: =_xlfn.RANK.EQ(CQ9,CQ$3:CQ$10000) -> 7 | CS9: =_xlfn.RANK.EQ(CT9,CT$3:CT$10000,1) -> 8 | CT9: =CV9*$CN$1+CX9*$CP$1+CZ9*$CR$1 -> 34.525 | CU9: =_xlfn.STDEV.S(F9,L9,R9,X9,AD9,AJ9,AP9,AV9,BB9,BH9,BN9,BT9,BZ9,CF9) -> 10.672961 | CV9: =_xlfn.RANK.EQ(CU9,CU$3:CU$10000,1) -> 34 | CW9: =_xlfn.STDEV.S(H9,N9,T9,Z9,AF9,AL9,AR9,AX9,BD9,BJ9,BP9,BV9,CB9,CH9) -> 12.4141 | CX9: =_xlfn.RANK.EQ(CW9,CW$3:CW$10000,1) -> 38 | CY9: =_xlfn.STDEV.S(J9,P9,V9,AB9,AH9,AN9,AT9,AZ9,BF9,BL9,BR9,BX9,CD9,CJ9) -> 14.308992 | CZ9: =_xlfn.RANK.EQ(CY9,CY$3:CY$10000,1) -> 51 | DA9: =SUM(COUNTIF(E9,">0"),COUNTIF(K9,">0"),COUNTIF(Q9,">0"),COUNTIF(W9,">0"),COUNTIF(AC9,">0"),COUNTIF(AI9,">0"),COUNTIF(AO9,">0"),COUNTIF(AU9,">0"),COUNTIF(BA9,">0"),COUNTIF(BG9,">0"),COUNTIF(BM9,">0"),COUNTIF(BS9,">0"),COUNTIF(BY9,">0"),COUNTIF(CE9,">0")) -> 14
B10: Vitor Pires Vitor Pires | C10: Vitor Pires | D10: =CN10*$CN$1+CP10*$CP$1+CR10*$CR$1 -> 10.1 | E10: =IFERROR(_xlfn.XLOOKUP(B10,'w1'!$B:$B,'w1'!$C:$C),0) -> 22.6 | F10: =_xlfn.RANK.EQ(E10,E$3:E$10000,0) -> 39 | G10: =IFERROR(_xlfn.XLOOKUP(B10,'w1'!$B:$B,'w1'!$F:$F),1) -> 0.26458333 | H10: =_xlfn.RANK.EQ(G10,G$3:G$10000,1) -> 32 | I10: =IFERROR(IF(_xlfn.XLOOKUP(B10,'w1'!$B:$B,'w1'!$G:$G)="--",0,_xlfn.XLOOKUP(B10,'w1'!$B:$B,'w1'!$G:$G)),0) -> 69 | J10: =_xlfn.RANK.EQ(I10,I$3:I$10000,0) -> 60 | K10: =IFERROR(_xlfn.XLOOKUP(B10,'w2'!$B:$B,'w2'!$C:$C),0) -> 45.2 | L10: =_xlfn.RANK.EQ(K10,K$3:K$10000,0) -> 12 | M10: =IFERROR(_xlfn.XLOOKUP(B10,'w2'!$B:$B,'w2'!$F:$F),1) -> 0.26805556 | N10: =_xlfn.RANK.EQ(M10,M$3:M$10000,1) -> 26 | O10: =IFERROR(IF(_xlfn.XLOOKUP(B10,'w2'!$B:$B,'w2'!$G:$G)="--",0,_xlfn.XLOOKUP(B10,'w2'!$B:$B,'w2'!$G:$G)),0) -> 221 | P10: =_xlfn.RANK.EQ(O10,O$3:O$10000,0) -> 35 | Q10: =IFERROR(_xlfn.XLOOKUP(B10,'w3'!$B:$B,'w3'!$C:$C),0) -> 46 | R10: =_xlfn.RANK.EQ(Q10,Q$3:Q$10000,0) -> 14 | S10: =IFERROR(_xlfn.XLOOKUP(B10,'w3'!$B:$B,'w3'!$F:$F),1) -> 0.25486111 | T10: =_xlfn.RANK.EQ(S10,S$3:S$10000,1) -> 26 | U10: =IFERROR(IF(_xlfn.XLOOKUP(B10,'w3'!$B:$B,'w3'!$G:$G)="--",0,_xlfn.XLOOKUP(B10,'w3'!$B:$B,'w3'!$G:$G)),0) -> 149 | V10: =_xlfn.RANK.EQ(U10,U$3:U$10000,0) -> 42 | W10: =IFERROR(_xlfn.XLOOKUP(B10,'w4'!$B:$B,'w4'!$C:$C),0) -> 40.7 | X10: =_xlfn.RANK.EQ(W10,W$3:W$10000,0) -> 14 | Y10: =IFERROR(_xlfn.XLOOKUP(B10,'w4'!$B:$B,'w4'!$F:$F),1) -> 0.24513889 | Z10: =_xlfn.RANK.EQ(Y10,Y$3:Y$10000,1) -> 19 | AA10: =IFERROR(IF(_xlfn.XLOOKUP(B10,'w4'!$B:$B,'w4'!$G:$G)="--",0,_xlfn.XLOOKUP(B10,'w4'!$B:$B,'w4'!$G:$G)),0) -> 226 | AB10: =_xlfn.RANK.EQ(AA10,AA$3:AA$10000,0) -> 34 | AC10: =IFERROR(_xlfn.XLOOKUP(B10,'w5'!$B:$B,'w5'!$C:$C),0) -> 45.5 | AD10: =_xlfn.RANK.EQ(AC10,AC$3:AC$10000,0) -> 12 | AE10: =IFERROR(_xlfn.XLOOKUP(B10,'w5'!$B:$B,'w5'!$F:$F),1) -> 0.25069444 | AF10: =_xlfn.RANK.EQ(AE10,AE$3:AE$10000,1) -> 19 | AG10: =IFERROR(IF(_xlfn.XLOOKUP(B10,'w5'!$B:$B,'w5'!$G:$G)="--",0,_xlfn.XLOOKUP(B10,'w5'!$B:$B,'w5'!$G:$G)),0) -> 256 | AH10: =_xlfn.RANK.EQ(AG10,AG$3:AG$10000,0) -> 39 | AI10: =IFERROR(_xlfn.XLOOKUP(B10,'w6'!$B:$B,'w6'!$C:$C),0) -> 38.1 | AJ10: =_xlfn.RANK.EQ(AI10,AI$3:AI$10000,0) -> 12 | AK10: =IFERROR(_xlfn.XLOOKUP(B10,'w6'!$B:$B,'w6'!$F:$F),1) -> 0.23819444 | AL10: =_xlfn.RANK.EQ(AK10,AK$3:AK$10000,1) -> 8 | AM10: =IFERROR(IF(_xlfn.XLOOKUP(B10,'w6'!$B:$B,'w6'!$G:$G)="--",0,_xlfn.XLOOKUP(B10,'w6'!$B:$B,'w6'!$G:$G)),0) -> 156 | AN10: =_xlfn.RANK.EQ(AM10,AM$3:AM$10000,0) -> 40 | AO10: =IFERROR(_xlfn.XLOOKUP(B10,'w7'!$B:$B,'w7'!$C:$C),0) -> 56.3 | AP10: =_xlfn.RANK.EQ(AO10,AO$3:AO$10000,0) -> 7 | AQ10: =IFERROR(_xlfn.XLOOKUP(B10,'w7'!$B:$B,'w7'!$F:$F),1) -> 0.23055556 | AR10: =_xlfn.RANK.EQ(AQ10,AQ$3:AQ$10000,1) -> 10 | AS10: =IFERROR(IF(_xlfn.XLOOKUP(B10,'w7'!$B:$B,'w7'!$G:$G)="--",0,_xlfn.XLOOKUP(B10,'w7'!$B:$B,'w7'!$G:$G)),0) -> 187 | AT10: =_xlfn.RANK.EQ(AS10,AS$3:AS$10000,0) -> 37 | AU10: =IFERROR(_xlfn.XLOOKUP(B10,'w8'!$B:$B,'w8'!$C:$C),0) -> 54.6 | AV10: =_xlfn.RANK.EQ(AU10,AU$3:AU$10000,0) -> 8 | AW10: =IFERROR(_xlfn.XLOOKUP(B10,'w8'!$B:$B,'w8'!$F:$F),1) -> 0.22569444 | AX10: =_xlfn.RANK.EQ(AW10,AW$3:AW$10000,1) -> 5 | AY10: =IFERROR(IF(_xlfn.XLOOKUP(B10,'w8'!$B:$B,'w8'!$G:$G)="--",0,_xlfn.XLOOKUP(B10,'w8'!$B:$B,'w8'!$G:$G)),0) -> 117 | AZ10: =_xlfn.RANK.EQ(AY10,AY$3:AY$10000,0) -> 51 | BA10: =IFERROR(_xlfn.XLOOKUP(C10,'w9'!$B:$B,'w9'!$C:$C),0) -> 61.4 | BB10: =_xlfn.RANK.EQ(BA10,BA$3:BA$10000,0) -> 7 | BC10: =IFERROR(_xlfn.XLOOKUP(C10,'w9'!$B:$B,'w9'!$F:$F),1) -> 0.23194444 | BD10: =_xlfn.RANK.EQ(BC10,BC$3:BC$10000,1) -> 8 | BE10: =IFERROR(IF(_xlfn.XLOOKUP(C10,'w9'!$B:$B,'w9'!$G:$G)="--",0,_xlfn.XLOOKUP(C10,'w9'!$B:$B,'w9'!$G:$G)),0) -> 110 | BF10: =_xlfn.RANK.EQ(BE10,BE$3:BE$10000,0) -> 60 | BG10: =IFERROR(_xlfn.XLOOKUP(B10,'w10'!$B:$B,'w10'!$C:$C),0) -> 48.2 | BH10: =_xlfn.RANK.EQ(BG10,BG$3:BG$10000,0) -> 13 | BI10: =IFERROR(_xlfn.XLOOKUP(B10,'w10'!$B:$B,'w10'!$F:$F),1) -> 0.23402778 | BJ10: =_xlfn.RANK.EQ(BI10,BI$3:BI$10000,1) -> 12 | BK10: =IFERROR(IF(_xlfn.XLOOKUP(B10,'w10'!$B:$B,'w10'!$G:$G)="--",0,_xlfn.XLOOKUP(B10,'w10'!$B:$B,'w10'!$G:$G)),0) -> 124 | BL10: =_xlfn.RANK.EQ(BK10,BK$3:BK$10000,0) -> 54 | BM10: =IFERROR(_xlfn.XLOOKUP(B10,'w11'!$B:$B,'w11'!$C:$C),0) -> 43.9 | BN10: =_xlfn.RANK.EQ(BM10,BM$3:BM$10000,0) -> 13 | BO10: =IFERROR(_xlfn.XLOOKUP(B10,'w11'!$B:$B,'w11'!$F:$F),1) -> 0.23541667 | BP10: =_xlfn.RANK.EQ(BO10,BO$3:BO$10000,1) -> 15 | BQ10: =IFERROR(IF(_xlfn.XLOOKUP(B10,'w11'!$B:$B,'w11'!$G:$G)="--",0,_xlfn.XLOOKUP(B10,'w11'!$B:$B,'w11'!$G:$G)),0) -> 157 | BR10: =_xlfn.RANK.EQ(BQ10,BQ$3:BQ$10000,0) -> 45 | BS10: =IFERROR(_xlfn.XLOOKUP(B10,'w12'!$B:$B,'w12'!$C:$C),0) -> 46.3 | BT10: =_xlfn.RANK.EQ(BS10,BS$3:BS$10000,0) -> 9 | BU10: =IFERROR(_xlfn.XLOOKUP(B10,'w12'!$B:$B,'w12'!$F:$F),1) -> 0.22777778 | BV10: =_xlfn.RANK.EQ(BU10,BU$3:BU$10000,1) -> 7 | BW10: =IFERROR(IF(_xlfn.XLOOKUP(B10,'w12'!$B:$B,'w12'!$G:$G)="--",0,_xlfn.XLOOKUP(B10,'w12'!$B:$B,'w12'!$G:$G)),0) -> 123 | BX10: =_xlfn.RANK.EQ(BW10,BW$3:BW$10000,0) -> 52 | BY10: =IFERROR(_xlfn.XLOOKUP(B10,'w13'!$B:$B,'w13'!$C:$C),0) -> 65.2 | BZ10: =_xlfn.RANK.EQ(BY10,BY$3:BY$10000,0) -> 6 | CA10: =IFERROR(_xlfn.XLOOKUP(B10,'w13'!$B:$B,'w13'!$F:$F),1) -> 0.22430556 | CB10: =_xlfn.RANK.EQ(CA10,CA$3:CA$10000,1) -> 8 | CC10: =IFERROR(IF(_xlfn.XLOOKUP(B10,'w13'!$B:$B,'w13'!$G:$G)="--",0,_xlfn.XLOOKUP(B10,'w13'!$B:$B,'w13'!$G:$G)),0) -> 93 | CD10: =_xlfn.RANK.EQ(CC10,CC$3:CC$10000,0) -> 53 | CE10: =IFERROR(_xlfn.XLOOKUP(B10,'w14'!$B:$B,'w14'!$C:$C),0) -> 57.6 | CF10: =_xlfn.RANK.EQ(CE10,CE$3:CE$10000,0) -> 9 | CG10: =IFERROR(_xlfn.XLOOKUP(B10,'w14'!$B:$B,'w14'!$F:$F),1) -> 0.22013889 | CH10: =_xlfn.RANK.EQ(CG10,CG$3:CG$10000,1) -> 4 | CI10: =IFERROR(IF(_xlfn.XLOOKUP(B10,'w14'!$B:$B,'w14'!$G:$G)="--",0,_xlfn.XLOOKUP(B10,'w14'!$B:$B,'w14'!$G:$G)),0) -> 52 | CJ10: =_xlfn.RANK.EQ(CI10,CI$3:CI$10000,0) -> 58 | CK10: =_xlfn.RANK.EQ(D10,D$3:D$10000,1) -> 8 | CL10: Vítor Pires | CM10: =SUM(E10,K10,Q10,W10,AC10,AI10,AO10,AU10,BA10,BG10,BM10,BS10,BY10,CE10) -> 671.6 | CN10: =_xlfn.RANK.EQ(CM10,CM$3:CM$10000) -> 9 | CO10: =IFERROR(SUM(PRODUCT(E10,G10),PRODUCT(K10,M10),PRODUCT(Q10,S10),PRODUCT(W10,Y10),PRODUCT(AC10,AE10),PRODUCT(AI10,AK10),PRODUCT(AO10,AQ10),PRODUCT(AU10,AW10),PRODUCT(BA10,BC10),PRODUCT(BG10,BI10),PRODUCT(BM10,BO10),PRODUCT(BS10,BU10),PRODUCT(BY10,CA10),PRODUCT(CE10,CG10))/CM10,1) -> 0.2371778 | CP10: =_xlfn.RANK.EQ(CO10,CO$3:CO$10000,1) -> 9 | CQ10: =SUM(I10,O10,U10,AA10,AG10,AM10,AS10,AY10,BE10,BK10,BQ10,BW10,CC10,CI10) -> 2040 | CR10: =_xlfn.RANK.EQ(CQ10,CQ$3:CQ$10000) -> 53 | CS10: =_xlfn.RANK.EQ(CT10,CT$3:CT$10000,1) -> 5 | CT10: =CV10*$CN$1+CX10*$CP$1+CZ10*$CR$1 -> 25.75 | CU10: =_xlfn.STDEV.S(F10,L10,R10,X10,AD10,AJ10,AP10,AV10,BB10,BH10,BN10,BT10,BZ10,CF10) -> 8.1121941 | CV10: =_xlfn.RANK.EQ(CU10,CU$3:CU$10000,1) -> 26 | CW10: =_xlfn.STDEV.S(H10,N10,T10,Z10,AF10,AL10,AR10,AX10,BD10,BJ10,BP10,BV10,CB10,CH10) -> 8.8594024 | CX10: =_xlfn.RANK.EQ(CW10,CW$3:CW$10000,1) -> 19 | CY10: =_xlfn.STDEV.S(J10,P10,V10,AB10,AH10,AN10,AT10,AZ10,BF10,BL10,BR10,BX10,CD10,CJ10) -> 9.3632435 | CZ10: =_xlfn.RANK.EQ(CY10,CY$3:CY$10000,1) -> 23 | DA10: =SUM(COUNTIF(E10,">0"),COUNTIF(K10,">0"),COUNTIF(Q10,">0"),COUNTIF(W10,">0"),COUNTIF(AC10,">0"),COUNTIF(AI10,">0"),COUNTIF(AO10,">0"),COUNTIF(AU10,">0"),COUNTIF(BA10,">0"),COUNTIF(BG10,">0"),COUNTIF(BM10,">0"),COUNTIF(BS10,">0"),COUNTIF(BY10,">0"),COUNTIF(CE10,">0")) -> 14
B11: Teodoro Trindade Teodoro Trindade | C11: Teodoro Trindade | D11: =CN11*$CN$1+CP11*$CP$1+CR11*$CR$1 -> 10.175 | E11: =IFERROR(_xlfn.XLOOKUP(B11,'w1'!$B:$B,'w1'!$C:$C),0) -> 38.3 | F11: =_xlfn.RANK.EQ(E11,E$3:E$10000,0) -> 20 | G11: =IFERROR(_xlfn.XLOOKUP(B11,'w1'!$B:$B,'w1'!$F:$F),1) -> 0.26041667 | H11: =_xlfn.RANK.EQ(G11,G$3:G$10000,1) -> 27 | I11: =IFERROR(IF(_xlfn.XLOOKUP(B11,'w1'!$B:$B,'w1'!$G:$G)="--",0,_xlfn.XLOOKUP(B11,'w1'!$B:$B,'w1'!$G:$G)),0) -> 530 | J11: =_xlfn.RANK.EQ(I11,I$3:I$10000,0) -> 17 | K11: =IFERROR(_xlfn.XLOOKUP(B11,'w2'!$B:$B,'w2'!$C:$C),0) -> 49.8 | L11: =_xlfn.RANK.EQ(K11,K$3:K$10000,0) -> 9 | M11: =IFERROR(_xlfn.XLOOKUP(B11,'w2'!$B:$B,'w2'!$F:$F),1) -> 0.28055556 | N11: =_xlfn.RANK.EQ(M11,M$3:M$10000,1) -> 38 | O11: =IFERROR(IF(_xlfn.XLOOKUP(B11,'w2'!$B:$B,'w2'!$G:$G)="--",0,_xlfn.XLOOKUP(B11,'w2'!$B:$B,'w2'!$G:$G)),0) -> 941 | P11: =_xlfn.RANK.EQ(O11,O$3:O$10000,0) -> 8 | Q11: =IFERROR(_xlfn.XLOOKUP(B11,'w3'!$B:$B,'w3'!$C:$C),0) -> 294.6 | R11: =_xlfn.RANK.EQ(Q11,Q$3:Q$10000,0) -> 1 | S11: =IFERROR(_xlfn.XLOOKUP(B11,'w3'!$B:$B,'w3'!$F:$F),1) -> 0.48819444 | T11: =_xlfn.RANK.EQ(S11,S$3:S$10000,1) -> 79 | U11: =IFERROR(IF(_xlfn.XLOOKUP(B11,'w3'!$B:$B,'w3'!$G:$G)="--",0,_xlfn.XLOOKUP(B11,'w3'!$B:$B,'w3'!$G:$G)),0) -> 8175 | V11: =_xlfn.RANK.EQ(U11,U$3:U$10000,0) -> 1 | W11: =IFERROR(_xlfn.XLOOKUP(B11,'w4'!$B:$B,'w4'!$C:$C),0) -> 25.3 | X11: =_xlfn.RANK.EQ(W11,W$3:W$10000,0) -> 35 | Y11: =IFERROR(_xlfn.XLOOKUP(B11,'w4'!$B:$B,'w4'!$F:$F),1) -> 0.27083333 | Z11: =_xlfn.RANK.EQ(Y11,Y$3:Y$10000,1) -> 38 | AA11: =IFERROR(IF(_xlfn.XLOOKUP(B11,'w4'!$B:$B,'w4'!$G:$G)="--",0,_xlfn.XLOOKUP(B11,'w4'!$B:$B,'w4'!$G:$G)),0) -> 329 | AB11: =_xlfn.RANK.EQ(AA11,AA$3:AA$10000,0) -> 24 | AC11: =IFERROR(_xlfn.XLOOKUP(B11,'w5'!$B:$B,'w5'!$C:$C),0) -> 23.3 | AD11: =_xlfn.RANK.EQ(AC11,AC$3:AC$10000,0) -> 47 | AE11: =IFERROR(_xlfn.XLOOKUP(B11,'w5'!$B:$B,'w5'!$F:$F),1) -> 0.32083333 | AF11: =_xlfn.RANK.EQ(AE11,AE$3:AE$10000,1) -> 49 | AG11: =IFERROR(IF(_xlfn.XLOOKUP(B11,'w5'!$B:$B,'w5'!$G:$G)="--",0,_xlfn.XLOOKUP(B11,'w5'!$B:$B,'w5'!$G:$G)),0) -> 595 | AH11: =_xlfn.RANK.EQ(AG11,AG$3:AG$10000,0) -> 23 | AI11: =IFERROR(_xlfn.XLOOKUP(B11,'w6'!$B:$B,'w6'!$C:$C),0) -> 30.2 | AJ11: =_xlfn.RANK.EQ(AI11,AI$3:AI$10000,0) -> 18 | AK11: =IFERROR(_xlfn.XLOOKUP(B11,'w6'!$B:$B,'w6'!$F:$F),1) -> 0.31944444 | AL11: =_xlfn.RANK.EQ(AK11,AK$3:AK$10000,1) -> 44 | AM11: =IFERROR(IF(_xlfn.XLOOKUP(B11,'w6'!$B:$B,'w6'!$G:$G)="--",0,_xlfn.XLOOKUP(B11,'w6'!$B:$B,'w6'!$G:$G)),0) -> 800 | AN11: =_xlfn.RANK.EQ(AM11,AM$3:AM$10000,0) -> 11 | AO11: =IFERROR(_xlfn.XLOOKUP(B11,'w7'!$B:$B,'w7'!$C:$C),0) -> 49.9 | AP11: =_xlfn.RANK.EQ(AO11,AO$3:AO$10000,0) -> 9 | AQ11: =IFERROR(_xlfn.XLOOKUP(B11,'w7'!$B:$B,'w7'!$F:$F),1) -> 0.29375 | AR11: =_xlfn.RANK.EQ(AQ11,AQ$3:AQ$10000,1) -> 40 | AS11: =IFERROR(IF(_xlfn.XLOOKUP(B11,'w7'!$B:$B,'w7'!$G:$G)="--",0,_xlfn.XLOOKUP(B11,'w7'!$B:$B,'w7'!$G:$G)),0) -> 732 | AT11: =_xlfn.RANK.EQ(AS11,AS$3:AS$10000,0) -> 18 | AU11: =IFERROR(_xlfn.XLOOKUP(B11,'w8'!$B:$B,'w8'!$C:$C),0) -> 38.3 | AV11: =_xlfn.RANK.EQ(AU11,AU$3:AU$10000,0) -> 23 | AW11: =IFERROR(_xlfn.XLOOKUP(B11,'w8'!$B:$B,'w8'!$F:$F),1) -> 0.31458333 | AX11: =_xlfn.RANK.EQ(AW11,AW$3:AW$10000,1) -> 53 | AY11: =IFERROR(IF(_xlfn.XLOOKUP(B11,'w8'!$B:$B,'w8'!$G:$G)="--",0,_xlfn.XLOOKUP(B11,'w8'!$B:$B,'w8'!$G:$G)),0) -> 658 | AZ11: =_xlfn.RANK.EQ(AY11,AY$3:AY$10000,0) -> 18 | BA11: =IFERROR(_xlfn.XLOOKUP(C11,'w9'!$B:$B,'w9'!$C:$C),0) -> 71.9 | BB11: =_xlfn.RANK.EQ(BA11,BA$3:BA$10000,0) -> 4 | BC11: =IFERROR(_xlfn.XLOOKUP(C11,'w9'!$B:$B,'w9'!$F:$F),1) -> 0.29791667 | BD11: =_xlfn.RANK.EQ(BC11,BC$3:BC$10000,1) -> 37 | BE11: =IFERROR(IF(_xlfn.XLOOKUP(C11,'w9'!$B:$B,'w9'!$G:$G)="--",0,_xlfn.XLOOKUP(C11,'w9'!$B:$B,'w9'!$G:$G)),0) -> 1017 | BF11: =_xlfn.RANK.EQ(BE11,BE$3:BE$10000,0) -> 7 | BG11: =IFERROR(_xlfn.XLOOKUP(B11,'w10'!$B:$B,'w10'!$C:$C),0) -> 35.2 | BH11: =_xlfn.RANK.EQ(BG11,BG$3:BG$10000,0) -> 24 | BI11: =IFERROR(_xlfn.XLOOKUP(B11,'w10'!$B:$B,'w10'!$F:$F),1) -> 0.29166667 | BJ11: =_xlfn.RANK.EQ(BI11,BI$3:BI$10000,1) -> 47 | BK11: =IFERROR(IF(_xlfn.XLOOKUP(B11,'w10'!$B:$B,'w10'!$G:$G)="--",0,_xlfn.XLOOKUP(B11,'w10'!$B:$B,'w10'!$G:$G)),0) -> 711 | BL11: =_xlfn.RANK.EQ(BK11,BK$3:BK$10000,0) -> 17 | BM11: =IFERROR(_xlfn.XLOOKUP(B11,'w11'!$B:$B,'w11'!$C:$C),0) -> 33.6 | BN11: =_xlfn.RANK.EQ(BM11,BM$3:BM$10000,0) -> 24 | BO11: =IFERROR(_xlfn.XLOOKUP(B11,'w11'!$B:$B,'w11'!$F:$F),1) -> 0.30486111 | BP11: =_xlfn.RANK.EQ(BO11,BO$3:BO$10000,1) -> 52 | BQ11: =IFERROR(IF(_xlfn.XLOOKUP(B11,'w11'!$B:$B,'w11'!$G:$G)="--",0,_xlfn.XLOOKUP(B11,'w11'!$B:$B,'w11'!$G:$G)),0) -> 800 | BR11: =_xlfn.RANK.EQ(BQ11,BQ$3:BQ$10000,0) -> 9 | BS11: =IFERROR(_xlfn.XLOOKUP(B11,'w12'!$B:$B,'w12'!$C:$C),0) -> 42.7 | BT11: =_xlfn.RANK.EQ(BS11,BS$3:BS$10000,0) -> 11 | BU11: =IFERROR(_xlfn.XLOOKUP(B11,'w12'!$B:$B,'w12'!$F:$F),1) -> 0.33402778 | BV11: =_xlfn.RANK.EQ(BU11,BU$3:BU$10000,1) -> 64 | BW11: =IFERROR(IF(_xlfn.XLOOKUP(B11,'w12'!$B:$B,'w12'!$G:$G)="--",0,_xlfn.XLOOKUP(B11,'w12'!$B:$B,'w12'!$G:$G)),0) -> 713 | BX11: =_xlfn.RANK.EQ(BW11,BW$3:BW$10000,0) -> 8 | BY11: =IFERROR(_xlfn.XLOOKUP(B11,'w13'!$B:$B,'w13'!$C:$C),0) -> 0 | BZ11: =_xlfn.RANK.EQ(BY11,BY$3:BY$10000,0) -> 76 | CA11: =IFERROR(_xlfn.XLOOKUP(B11,'w13'!$B:$B,'w13'!$F:$F),1) -> 1 | CB11: =_xlfn.RANK.EQ(CA11,CA$3:CA$10000,1) -> 76 | CC11: =IFERROR(IF(_xlfn.XLOOKUP(B11,'w13'!$B:$B,'w13'!$G:$G)="--",0,_xlfn.XLOOKUP(B11,'w13'!$B:$B,'w13'!$G:$G)),0) -> 0 | CD11: =_xlfn.RANK.EQ(CC11,CC$3:CC$10000,0) -> 76 | CE11: =IFERROR(_xlfn.XLOOKUP(B11,'w14'!$B:$B,'w14'!$C:$C),0) -> 10.1 | CF11: =_xlfn.RANK.EQ(CE11,CE$3:CE$10000,0) -> 57 | CG11: =IFERROR(_xlfn.XLOOKUP(B11,'w14'!$B:$B,'w14'!$F:$F),1) -> 0.26527778 | CH11: =_xlfn.RANK.EQ(CG11,CG$3:CG$10000,1) -> 25 | CI11: =IFERROR(IF(_xlfn.XLOOKUP(B11,'w14'!$B:$B,'w14'!$G:$G)="--",0,_xlfn.XLOOKUP(B11,'w14'!$B:$B,'w14'!$G:$G)),0) -> 3 | CJ11: =_xlfn.RANK.EQ(CI11,CI$3:CI$10000,0) -> 64 | CK11: =_xlfn.RANK.EQ(D11,D$3:D$10000,1) -> 9 | CL11: Teodoro Trindade | CM11: =SUM(E11,K11,Q11,W11,AC11,AI11,AO11,AU11,BA11,BG11,BM11,BS11,BY11,CE11) -> 743.2 | CN11: =_xlfn.RANK.EQ(CM11,CM$3:CM$10000) -> 8 | CO11: =IFERROR(SUM(PRODUCT(E11,G11),PRODUCT(K11,M11),PRODUCT(Q11,S11),PRODUCT(W11,Y11),PRODUCT(AC11,AE11),PRODUCT(AI11,AK11),PRODUCT(AO11,AQ11),PRODUCT(AU11,AW11),PRODUCT(BA11,BC11),PRODUCT(BG11,BI11),PRODUCT(BM11,BO11),PRODUCT(BS11,BU11),PRODUCT(BY11,CA11),PRODUCT(CE11,CG11))/CM11,1) -> 0.37314531 | CP11: =_xlfn.RANK.EQ(CO11,CO$3:CO$10000,1) -> 95 | CQ11: =SUM(I11,O11,U11,AA11,AG11,AM11,AS11,AY11,BE11,BK11,BQ11,BW11,CC11,CI11) -> 16004 | CR11: =_xlfn.RANK.EQ(CQ11,CQ$3:CQ$10000) -> 8 | CS11: =_xlfn.RANK.EQ(CT11,CT$3:CT$10000,1) -> 33 | CT11: =CV11*$CN$1+CX11*$CP$1+CZ11*$CR$1 -> 91.3 | CU11: =_xlfn.STDEV.S(F11,L11,R11,X11,AD11,AJ11,AP11,AV11,BB11,BH11,BN11,BT11,BZ11,CF11) -> 21.500319 | CV11: =_xlfn.RANK.EQ(CU11,CU$3:CU$10000,1) -> 92 | CW11: =_xlfn.STDEV.S(H11,N11,T11,Z11,AF11,AL11,AR11,AX11,BD11,BJ11,BP11,BV11,CB11,CH11) -> 16.20626 | CX11: =_xlfn.RANK.EQ(CW11,CW$3:CW$10000,1) -> 60 | CY11: =_xlfn.STDEV.S(J11,P11,V11,AB11,AH11,AN11,AT11,AZ11,BF11,BL11,BR11,BX11,CD11,CJ11) -> 21.682144 | CZ11: =_xlfn.RANK.EQ(CY11,CY$3:CY$10000,1) -> 96 | DA11: =SUM(COUNTIF(E11,">0"),COUNTIF(K11,">0"),COUNTIF(Q11,">0"),COUNTIF(W11,">0"),COUNTIF(AC11,">0"),COUNTIF(AI11,">0"),COUNTIF(AO11,">0"),COUNTIF(AU11,">0"),COUNTIF(BA11,">0"),COUNTIF(BG11,">0"),COUNTIF(BM11,">0"),COUNTIF(BS11,">0"),COUNTIF(BY11,">0"),COUNTIF(CE11,">0")) -> 13
B12: Miguel Amaral Miguel Amaral | C12: Miguel Amaral | D12: =CN12*$CN$1+CP12*$CP$1+CR12*$CR$1 -> 10.6 | E12: =IFERROR(_xlfn.XLOOKUP(B12,'w1'!$B:$B,'w1'!$C:$C),0) -> 60.4 | F12: =_xlfn.RANK.EQ(E12,E$3:E$10000,0) -> 5 | G12: =IFERROR(_xlfn.XLOOKUP(B12,'w1'!$B:$B,'w1'!$F:$F),1) -> 0.19166667 | H12: =_xlfn.RANK.EQ(G12,G$3:G$10000,1) -> 1 | I12: =IFERROR(IF(_xlfn.XLOOKUP(B12,'w1'!$B:$B,'w1'!$G:$G)="--",0,_xlfn.XLOOKUP(B12,'w1'!$B:$B,'w1'!$G:$G)),0) -> 187 | J12: =_xlfn.RANK.EQ(I12,I$3:I$10000,0) -> 46 | K12: =IFERROR(_xlfn.XLOOKUP(B12,'w2'!$B:$B,'w2'!$C:$C),0) -> 36.9 | L12: =_xlfn.RANK.EQ(K12,K$3:K$10000,0) -> 18 | M12: =IFERROR(_xlfn.XLOOKUP(B12,'w2'!$B:$B,'w2'!$F:$F),1) -> 0.19861111 | N12: =_xlfn.RANK.EQ(M12,M$3:M$10000,1) -> 1 | O12: =IFERROR(IF(_xlfn.XLOOKUP(B12,'w2'!$B:$B,'w2'!$G:$G)="--",0,_xlfn.XLOOKUP(B12,'w2'!$B:$B,'w2'!$G:$G)),0) -> 220 | P12: =_xlfn.RANK.EQ(O12,O$3:O$10000,0) -> 36 | Q12: =IFERROR(_xlfn.XLOOKUP(B12,'w3'!$B:$B,'w3'!$C:$C),0) -> 59.6 | R12: =_xlfn.RANK.EQ(Q12,Q$3:Q$10000,0) -> 8 | S12: =IFERROR(_xlfn.XLOOKUP(B12,'w3'!$B:$B,'w3'!$F:$F),1) -> 0.20486111 | T12: =_xlfn.RANK.EQ(S12,S$3:S$10000,1) -> 1 | U12: =IFERROR(IF(_xlfn.XLOOKUP(B12,'w3'!$B:$B,'w3'!$G:$G)="--",0,_xlfn.XLOOKUP(B12,'w3'!$B:$B,'w3'!$G:$G)),0) -> 181 | V12: =_xlfn.RANK.EQ(U12,U$3:U$10000,0) -> 37 | W12: =IFERROR(_xlfn.XLOOKUP(B12,'w4'!$B:$B,'w4'!$C:$C),0) -> 54.1 | X12: =_xlfn.RANK.EQ(W12,W$3:W$10000,0) -> 9 | Y12: =IFERROR(_xlfn.XLOOKUP(B12,'w4'!$B:$B,'w4'!$F:$F),1) -> 0.19375 | Z12: =_xlfn.RANK.EQ(Y12,Y$3:Y$10000,1) -> 1 | AA12: =IFERROR(IF(_xlfn.XLOOKUP(B12,'w4'!$B:$B,'w4'!$G:$G)="--",0,_xlfn.XLOOKUP(B12,'w4'!$B:$B,'w4'!$G:$G)),0) -> 321 | AB12: =_xlfn.RANK.EQ(AA12,AA$3:AA$10000,0) -> 25 | AC12: =IFERROR(_xlfn.XLOOKUP(B12,'w5'!$B:$B,'w5'!$C:$C),0) -> 43.1 | AD12: =_xlfn.RANK.EQ(AC12,AC$3:AC$10000,0) -> 17 | AE12: =IFERROR(_xlfn.XLOOKUP(B12,'w5'!$B:$B,'w5'!$F:$F),1) -> 0.21180556 | AF12: =_xlfn.RANK.EQ(AE12,AE$3:AE$10000,1) -> 3 | AG12: =IFERROR(IF(_xlfn.XLOOKUP(B12,'w5'!$B:$B,'w5'!$G:$G)="--",0,_xlfn.XLOOKUP(B12,'w5'!$B:$B,'w5'!$G:$G)),0) -> 142 | AH12: =_xlfn.RANK.EQ(AG12,AG$3:AG$10000,0) -> 52 | AI12: =IFERROR(_xlfn.XLOOKUP(B12,'w6'!$B:$B,'w6'!$C:$C),0) -> 26.5 | AJ12: =_xlfn.RANK.EQ(AI12,AI$3:AI$10000,0) -> 22 | AK12: =IFERROR(_xlfn.XLOOKUP(B12,'w6'!$B:$B,'w6'!$F:$F),1) -> 0.17777778 | AL12: =_xlfn.RANK.EQ(AK12,AK$3:AK$10000,1) -> 1 | AM12: =IFERROR(IF(_xlfn.XLOOKUP(B12,'w6'!$B:$B,'w6'!$G:$G)="--",0,_xlfn.XLOOKUP(B12,'w6'!$B:$B,'w6'!$G:$G)),0) -> 181 | AN12: =_xlfn.RANK.EQ(AM12,AM$3:AM$10000,0) -> 38 | AO12: =IFERROR(_xlfn.XLOOKUP(B12,'w7'!$B:$B,'w7'!$C:$C),0) -> 44.7 | AP12: =_xlfn.RANK.EQ(AO12,AO$3:AO$10000,0) -> 14 | AQ12: =IFERROR(_xlfn.XLOOKUP(B12,'w7'!$B:$B,'w7'!$F:$F),1) -> 0.18611111 | AR12: =_xlfn.RANK.EQ(AQ12,AQ$3:AQ$10000,1) -> 1 | AS12: =IFERROR(IF(_xlfn.XLOOKUP(B12,'w7'!$B:$B,'w7'!$G:$G)="--",0,_xlfn.XLOOKUP(B12,'w7'!$B:$B,'w7'!$G:$G)),0) -> 317 | AT12: =_xlfn.RANK.EQ(AS12,AS$3:AS$10000,0) -> 27 | AU12: =IFERROR(_xlfn.XLOOKUP(B12,'w8'!$B:$B,'w8'!$C:$C),0) -> 42.9 | AV12: =_xlfn.RANK.EQ(AU12,AU$3:AU$10000,0) -> 19 | AW12: =IFERROR(_xlfn.XLOOKUP(B12,'w8'!$B:$B,'w8'!$F:$F),1) -> 0.18819444 | AX12: =_xlfn.RANK.EQ(AW12,AW$3:AW$10000,1) -> 1 | AY12: =IFERROR(IF(_xlfn.XLOOKUP(B12,'w8'!$B:$B,'w8'!$G:$G)="--",0,_xlfn.XLOOKUP(B12,'w8'!$B:$B,'w8'!$G:$G)),0) -> 171 | AZ12: =_xlfn.RANK.EQ(AY12,AY$3:AY$10000,0) -> 42 | BA12: =IFERROR(_xlfn.XLOOKUP(C12,'w9'!$B:$B,'w9'!$C:$C),0) -> 54.8 | BB12: =_xlfn.RANK.EQ(BA12,BA$3:BA$10000,0) -> 11 | BC12: =IFERROR(_xlfn.XLOOKUP(C12,'w9'!$B:$B,'w9'!$F:$F),1) -> 0.18680556 | BD12: =_xlfn.RANK.EQ(BC12,BC$3:BC$10000,1) -> 1 | BE12: =IFERROR(IF(_xlfn.XLOOKUP(C12,'w9'!$B:$B,'w9'!$G:$G)="--",0,_xlfn.XLOOKUP(C12,'w9'!$B:$B,'w9'!$G:$G)),0) -> 188 | BF12: =_xlfn.RANK.EQ(BE12,BE$3:BE$10000,0) -> 54 | BG12: =IFERROR(_xlfn.XLOOKUP(B12,'w10'!$B:$B,'w10'!$C:$C),0) -> 40.1 | BH12: =_xlfn.RANK.EQ(BG12,BG$3:BG$10000,0) -> 21 | BI12: =IFERROR(_xlfn.XLOOKUP(B12,'w10'!$B:$B,'w10'!$F:$F),1) -> 0.18680556 | BJ12: =_xlfn.RANK.EQ(BI12,BI$3:BI$10000,1) -> 1 | BK12: =IFERROR(IF(_xlfn.XLOOKUP(B12,'w10'!$B:$B,'w10'!$G:$G)="--",0,_xlfn.XLOOKUP(B12,'w10'!$B:$B,'w10'!$G:$G)),0) -> 176 | BL12: =_xlfn.RANK.EQ(BK12,BK$3:BK$10000,0) -> 35 | BM12: =IFERROR(_xlfn.XLOOKUP(B12,'w11'!$B:$B,'w11'!$C:$C),0) -> 41.9 | BN12: =_xlfn.RANK.EQ(BM12,BM$3:BM$10000,0) -> 16 | BO12: =IFERROR(_xlfn.XLOOKUP(B12,'w11'!$B:$B,'w11'!$F:$F),1) -> 0.18958333 | BP12: =_xlfn.RANK.EQ(BO12,BO$3:BO$10000,1) -> 3 | BQ12: =IFERROR(IF(_xlfn.XLOOKUP(B12,'w11'!$B:$B,'w11'!$G:$G)="--",0,_xlfn.XLOOKUP(B12,'w11'!$B:$B,'w11'!$G:$G)),0) -> 171 | BR12: =_xlfn.RANK.EQ(BQ12,BQ$3:BQ$10000,0) -> 42 | BS12: =IFERROR(_xlfn.XLOOKUP(B12,'w12'!$B:$B,'w12'!$C:$C),0) -> 39.7 | BT12: =_xlfn.RANK.EQ(BS12,BS$3:BS$10000,0) -> 13 | BU12: =IFERROR(_xlfn.XLOOKUP(B12,'w12'!$B:$B,'w12'!$F:$F),1) -> 0.20694444 | BV12: =_xlfn.RANK.EQ(BU12,BU$3:BU$10000,1) -> 2 | BW12: =IFERROR(IF(_xlfn.XLOOKUP(B12,'w12'!$B:$B,'w12'!$G:$G)="--",0,_xlfn.XLOOKUP(B12,'w12'!$B:$B,'w12'!$G:$G)),0) -> 323 | BX12: =_xlfn.RANK.EQ(BW12,BW$3:BW$10000,0) -> 19 | BY12: =IFERROR(_xlfn.XLOOKUP(B12,'w13'!$B:$B,'w13'!$C:$C),0) -> 27.8 | BZ12: =_xlfn.RANK.EQ(BY12,BY$3:BY$10000,0) -> 26 | CA12: =IFERROR(_xlfn.XLOOKUP(B12,'w13'!$B:$B,'w13'!$F:$F),1) -> 0.19236111 | CB12: =_xlfn.RANK.EQ(CA12,CA$3:CA$10000,1) -> 2 | CC12: =IFERROR(IF(_xlfn.XLOOKUP(B12,'w13'!$B:$B,'w13'!$G:$G)="--",0,_xlfn.XLOOKUP(B12,'w13'!$B:$B,'w13'!$G:$G)),0) -> 80 | CD12: =_xlfn.RANK.EQ(CC12,CC$3:CC$10000,0) -> 57 | CE12: =IFERROR(_xlfn.XLOOKUP(B12,'w14'!$B:$B,'w14'!$C:$C),0) -> 50.4 | CF12: =_xlfn.RANK.EQ(CE12,CE$3:CE$10000,0) -> 13 | CG12: =IFERROR(_xlfn.XLOOKUP(B12,'w14'!$B:$B,'w14'!$F:$F),1) -> 0.19583333 | CH12: =_xlfn.RANK.EQ(CG12,CG$3:CG$10000,1) -> 1 | CI12: =IFERROR(IF(_xlfn.XLOOKUP(B12,'w14'!$B:$B,'w14'!$G:$G)="--",0,_xlfn.XLOOKUP(B12,'w14'!$B:$B,'w14'!$G:$G)),0) -> 167 | CJ12: =_xlfn.RANK.EQ(CI12,CI$3:CI$10000,0) -> 39 | CK12: =_xlfn.RANK.EQ(D12,D$3:D$10000,1) -> 10 | CL12: Miguel Amaral | CM12: =SUM(E12,K12,Q12,W12,AC12,AI12,AO12,AU12,BA12,BG12,BM12,BS12,BY12,CE12) -> 622.9 | CN12: =_xlfn.RANK.EQ(CM12,CM$3:CM$10000) -> 10 | CO12: =IFERROR(SUM(PRODUCT(E12,G12),PRODUCT(K12,M12),PRODUCT(Q12,S12),PRODUCT(W12,Y12),PRODUCT(AC12,AE12),PRODUCT(AI12,AK12),PRODUCT(AO12,AQ12),PRODUCT(AU12,AW12),PRODUCT(BA12,BC12),PRODUCT(BG12,BI12),PRODUCT(BM12,BO12),PRODUCT(BS12,BU12),PRODUCT(BY12,CA12),PRODUCT(CE12,CG12))/CM12,1) -> 0.19414734 | CP12: =_xlfn.RANK.EQ(CO12,CO$3:CO$10000,1) -> 1 | CQ12: =SUM(I12,O12,U12,AA12,AG12,AM12,AS12,AY12,BE12,BK12,BQ12,BW12,CC12,CI12) -> 2825 | CR12: =_xlfn.RANK.EQ(CQ12,CQ$3:CQ$10000) -> 43 | CS12: =_xlfn.RANK.EQ(CT12,CT$3:CT$10000,1) -> 3 | CT12: =CV12*$CN$1+CX12*$CP$1+CZ12*$CR$1 -> 16.975 | CU12: =_xlfn.STDEV.S(F12,L12,R12,X12,AD12,AJ12,AP12,AV12,BB12,BH12,BN12,BT12,BZ12,CF12) -> 5.8554004 | CV12: =_xlfn.RANK.EQ(CU12,CU$3:CU$10000,1) -> 17 | CW12: =_xlfn.STDEV.S(H12,N12,T12,Z12,AF12,AL12,AR12,AX12,BD12,BJ12,BP12,BV12,CB12,CH12) -> 0.75592895 | CX12: =_xlfn.RANK.EQ(CW12,CW$3:CW$10000,1) -> 1 | CY12: =_xlfn.STDEV.S(J12,P12,V12,AB12,AH12,AN12,AT12,AZ12,BF12,BL12,BR12,BX12,CD12,CJ12) -> 10.934621 | CZ12: =_xlfn.RANK.EQ(CY12,CY$3:CY$10000,1) -> 32 | DA12: =SUM(COUNTIF(E12,">0"),COUNTIF(K12,">0"),COUNTIF(Q12,">0"),COUNTIF(W12,">0"),COUNTIF(AC12,">0"),COUNTIF(AI12,">0"),COUNTIF(AO12,">0"),COUNTIF(AU12,">0"),COUNTIF(BA12,">0"),COUNTIF(BG12,">0"),COUNTIF(BM12,">0"),COUNTIF(BS12,">0"),COUNTIF(BY12,">0"),COUNTIF(CE12,">0")) -> 14
B13: Sandra Romano Sandra Romano | C13: Sandra Romano | D13: =CN13*$CN$1+CP13*$CP$1+CR13*$CR$1 -> 12.175 | E13: =IFERROR(_xlfn.XLOOKUP(B13,'w1'!$B:$B,'w1'!$C:$C),0) -> 47.1 | F13: =_xlfn.RANK.EQ(E13,E$3:E$10000,0) -> 12 | G13: =IFERROR(_xlfn.XLOOKUP(B13,'w1'!$B:$B,'w1'!$F:$F),1) -> 0.29861111 | H13: =_xlfn.RANK.EQ(G13,G$3:G$10000,1) -> 54 | I13: =IFERROR(IF(_xlfn.XLOOKUP(B13,'w1'!$B:$B,'w1'!$G:$G)="--",0,_xlfn.XLOOKUP(B13,'w1'!$B:$B,'w1'!$G:$G)),0) -> 1304 | J13: =_xlfn.RANK.EQ(I13,I$3:I$10000,0) -> 6 | K13: =IFERROR(_xlfn.XLOOKUP(B13,'w2'!$B:$B,'w2'!$C:$C),0) -> 42.6 | L13: =_xlfn.RANK.EQ(K13,K$3:K$10000,0) -> 13 | M13: =IFERROR(_xlfn.XLOOKUP(B13,'w2'!$B:$B,'w2'!$F:$F),1) -> 0.33680556 | N13: =_xlfn.RANK.EQ(M13,M$3:M$10000,1) -> 59 | O13: =IFERROR(IF(_xlfn.XLOOKUP(B13,'w2'!$B:$B,'w2'!$G:$G)="--",0,_xlfn.XLOOKUP(B13,'w2'!$B:$B,'w2'!$G:$G)),0) -> 2160 | P13: =_xlfn.RANK.EQ(O13,O$3:O$10000,0) -> 3 | Q13: =IFERROR(_xlfn.XLOOKUP(B13,'w3'!$B:$B,'w3'!$C:$C),0) -> 42 | R13: =_xlfn.RANK.EQ(Q13,Q$3:Q$10000,0) -> 17 | S13: =IFERROR(_xlfn.XLOOKUP(B13,'w3'!$B:$B,'w3'!$F:$F),1) -> 0.29930556 | T13: =_xlfn.RANK.EQ(S13,S$3:S$10000,1) -> 52 | U13: =IFERROR(IF(_xlfn.XLOOKUP(B13,'w3'!$B:$B,'w3'!$G:$G)="--",0,_xlfn.XLOOKUP(B13,'w3'!$B:$B,'w3'!$G:$G)),0) -> 1362 | V13: =_xlfn.RANK.EQ(U13,U$3:U$10000,0) -> 7 | W13: =IFERROR(_xlfn.XLOOKUP(B13,'w4'!$B:$B,'w4'!$C:$C),0) -> 28.9 | X13: =_xlfn.RANK.EQ(W13,W$3:W$10000,0) -> 27 | Y13: =IFERROR(_xlfn.XLOOKUP(B13,'w4'!$B:$B,'w4'!$F:$F),1) -> 0.33888889 | Z13: =_xlfn.RANK.EQ(Y13,Y$3:Y$10000,1) -> 60 | AA13: =IFERROR(IF(_xlfn.XLOOKUP(B13,'w4'!$B:$B,'w4'!$G:$G)="--",0,_xlfn.XLOOKUP(B13,'w4'!$B:$B,'w4'!$G:$G)),0) -> 1780 | AB13: =_xlfn.RANK.EQ(AA13,AA$3:AA$10000,0) -> 4 | AC13: =IFERROR(_xlfn.XLOOKUP(B13,'w5'!$B:$B,'w5'!$C:$C),0) -> 42.9 | AD13: =_xlfn.RANK.EQ(AC13,AC$3:AC$10000,0) -> 18 | AE13: =IFERROR(_xlfn.XLOOKUP(B13,'w5'!$B:$B,'w5'!$F:$F),1) -> 0.33472222 | AF13: =_xlfn.RANK.EQ(AE13,AE$3:AE$10000,1) -> 52 | AG13: =IFERROR(IF(_xlfn.XLOOKUP(B13,'w5'!$B:$B,'w5'!$G:$G)="--",0,_xlfn.XLOOKUP(B13,'w5'!$B:$B,'w5'!$G:$G)),0) -> 2017 | AH13: =_xlfn.RANK.EQ(AG13,AG$3:AG$10000,0) -> 3 | AI13: =IFERROR(_xlfn.XLOOKUP(B13,'w6'!$B:$B,'w6'!$C:$C),0) -> 32.8 | AJ13: =_xlfn.RANK.EQ(AI13,AI$3:AI$10000,0) -> 15 | AK13: =IFERROR(_xlfn.XLOOKUP(B13,'w6'!$B:$B,'w6'!$F:$F),1) -> 0.32847222 | AL13: =_xlfn.RANK.EQ(AK13,AK$3:AK$10000,1) -> 46 | AM13: =IFERROR(IF(_xlfn.XLOOKUP(B13,'w6'!$B:$B,'w6'!$G:$G)="--",0,_xlfn.XLOOKUP(B13,'w6'!$B:$B,'w6'!$G:$G)),0) -> 1615 | AN13: =_xlfn.RANK.EQ(AM13,AM$3:AM$10000,0) -> 2 | AO13: =IFERROR(_xlfn.XLOOKUP(B13,'w7'!$B:$B,'w7'!$C:$C),0) -> 49.6 | AP13: =_xlfn.RANK.EQ(AO13,AO$3:AO$10000,0) -> 10 | AQ13: =IFERROR(_xlfn.XLOOKUP(B13,'w7'!$B:$B,'w7'!$F:$F),1) -> 0.31597222 | AR13: =_xlfn.RANK.EQ(AQ13,AQ$3:AQ$10000,1) -> 47 | AS13: =IFERROR(IF(_xlfn.XLOOKUP(B13,'w7'!$B:$B,'w7'!$G:$G)="--",0,_xlfn.XLOOKUP(B13,'w7'!$B:$B,'w7'!$G:$G)),0) -> 1532 | AT13: =_xlfn.RANK.EQ(AS13,AS$3:AS$10000,0) -> 7 | AU13: =IFERROR(_xlfn.XLOOKUP(B13,'w8'!$B:$B,'w8'!$C:$C),0) -> 48.4 | AV13: =_xlfn.RANK.EQ(AU13,AU$3:AU$10000,0) -> 18 | AW13: =IFERROR(_xlfn.XLOOKUP(B13,'w8'!$B:$B,'w8'!$F:$F),1) -> 0.29444444 | AX13: =_xlfn.RANK.EQ(AW13,AW$3:AW$10000,1) -> 45 | AY13: =IFERROR(IF(_xlfn.XLOOKUP(B13,'w8'!$B:$B,'w8'!$G:$G)="--",0,_xlfn.XLOOKUP(B13,'w8'!$B:$B,'w8'!$G:$G)),0) -> 1391 | AZ13: =_xlfn.RANK.EQ(AY13,AY$3:AY$10000,0) -> 8 | BA13: =IFERROR(_xlfn.XLOOKUP(C13,'w9'!$B:$B,'w9'!$C:$C),0) -> 35 | BB13: =_xlfn.RANK.EQ(BA13,BA$3:BA$10000,0) -> 30 | BC13: =IFERROR(_xlfn.XLOOKUP(C13,'w9'!$B:$B,'w9'!$F:$F),1) -> 0.32430556 | BD13: =_xlfn.RANK.EQ(BC13,BC$3:BC$10000,1) -> 52 | BE13: =IFERROR(IF(_xlfn.XLOOKUP(C13,'w9'!$B:$B,'w9'!$G:$G)="--",0,_xlfn.XLOOKUP(C13,'w9'!$B:$B,'w9'!$G:$G)),0) -> 1436 | BF13: =_xlfn.RANK.EQ(BE13,BE$3:BE$10000,0) -> 6 | BG13: =IFERROR(_xlfn.XLOOKUP(B13,'w10'!$B:$B,'w10'!$C:$C),0) -> 31.5 | BH13: =_xlfn.RANK.EQ(BG13,BG$3:BG$10000,0) -> 27 | BI13: =IFERROR(_xlfn.XLOOKUP(B13,'w10'!$B:$B,'w10'!$F:$F),1) -> 0.24583333 | BJ13: =_xlfn.RANK.EQ(BI13,BI$3:BI$10000,1) -> 19 | BK13: =IFERROR(IF(_xlfn.XLOOKUP(B13,'w10'!$B:$B,'w10'!$G:$G)="--",0,_xlfn.XLOOKUP(B13,'w10'!$B:$B,'w10'!$G:$G)),0) -> 204 | BL13: =_xlfn.RANK.EQ(BK13,BK$3:BK$10000,0) -> 33 | BM13: =IFERROR(_xlfn.XLOOKUP(B13,'w11'!$B:$B,'w11'!$C:$C),0) -> 45.3 | BN13: =_xlfn.RANK.EQ(BM13,BM$3:BM$10000,0) -> 11 | BO13: =IFERROR(_xlfn.XLOOKUP(B13,'w11'!$B:$B,'w11'!$F:$F),1) -> 0.33680556 | BP13: =_xlfn.RANK.EQ(BO13,BO$3:BO$10000,1) -> 59 | BQ13: =IFERROR(IF(_xlfn.XLOOKUP(B13,'w11'!$B:$B,'w11'!$G:$G)="--",0,_xlfn.XLOOKUP(B13,'w11'!$B:$B,'w11'!$G:$G)),0) -> 2192 | BR13: =_xlfn.RANK.EQ(BQ13,BQ$3:BQ$10000,0) -> 2 | BS13: =IFERROR(_xlfn.XLOOKUP(B13,'w12'!$B:$B,'w12'!$C:$C),0) -> 50 | BT13: =_xlfn.RANK.EQ(BS13,BS$3:BS$10000,0) -> 8 | BU13: =IFERROR(_xlfn.XLOOKUP(B13,'w12'!$B:$B,'w12'!$F:$F),1) -> 0.33333333 | BV13: =_xlfn.RANK.EQ(BU13,BU$3:BU$10000,1) -> 63 | BW13: =IFERROR(IF(_xlfn.XLOOKUP(B13,'w12'!$B:$B,'w12'!$G:$G)="--",0,_xlfn.XLOOKUP(B13,'w12'!$B:$B,'w12'!$G:$G)),0) -> 1823 | BX13: =_xlfn.RANK.EQ(BW13,BW$3:BW$10000,0) -> 4 | BY13: =IFERROR(_xlfn.XLOOKUP(B13,'w13'!$B:$B,'w13'!$C:$C),0) -> 37.9 | BZ13: =_xlfn.RANK.EQ(BY13,BY$3:BY$10000,0) -> 17 | CA13: =IFERROR(_xlfn.XLOOKUP(B13,'w13'!$B:$B,'w13'!$F:$F),1) -> 0.27569444 | CB13: =_xlfn.RANK.EQ(CA13,CA$3:CA$10000,1) -> 40 | CC13: =IFERROR(IF(_xlfn.XLOOKUP(B13,'w13'!$B:$B,'w13'!$G:$G)="--",0,_xlfn.XLOOKUP(B13,'w13'!$B:$B,'w13'!$G:$G)),0) -> 1428 | CD13: =_xlfn.RANK.EQ(CC13,CC$3:CC$10000,0) -> 7 | CE13: =IFERROR(_xlfn.XLOOKUP(B13,'w14'!$B:$B,'w14'!$C:$C),0) -> 61.4 | CF13: =_xlfn.RANK.EQ(CE13,CE$3:CE$10000,0) -> 7 | CG13: =IFERROR(_xlfn.XLOOKUP(B13,'w14'!$B:$B,'w14'!$F:$F),1) -> 0.32638889 | CH13: =_xlfn.RANK.EQ(CG13,CG$3:CG$10000,1) -> 48 | CI13: =IFERROR(IF(_xlfn.XLOOKUP(B13,'w14'!$B:$B,'w14'!$G:$G)="--",0,_xlfn.XLOOKUP(B13,'w14'!$B:$B,'w14'!$G:$G)),0) -> 2389 | CJ13: =_xlfn.RANK.EQ(CI13,CI$3:CI$10000,0) -> 4 | CK13: =_xlfn.RANK.EQ(D13,D$3:D$10000,1) -> 11 | CL13: Sandra Romano | CM13: =SUM(E13,K13,Q13,W13,AC13,AI13,AO13,AU13,BA13,BG13,BM13,BS13,BY13,CE13) -> 595.4 | CN13: =_xlfn.RANK.EQ(CM13,CM$3:CM$10000) -> 11 | CO13: =IFERROR(SUM(PRODUCT(E13,G13),PRODUCT(K13,M13),PRODUCT(Q13,S13),PRODUCT(W13,Y13),PRODUCT(AC13,AE13),PRODUCT(AI13,AK13),PRODUCT(AO13,AQ13),PRODUCT(AU13,AW13),PRODUCT(BA13,BC13),PRODUCT(BG13,BI13),PRODUCT(BM13,BO13),PRODUCT(BS13,BU13),PRODUCT(BY13,CA13),PRODUCT(CE13,CG13))/CM13,1) -> 0.31464818 | CP13: =_xlfn.RANK.EQ(CO13,CO$3:CO$10000,1) -> 64 | CQ13: =SUM(I13,O13,U13,AA13,AG13,AM13,AS13,AY13,BE13,BK13,BQ13,BW13,CC13,CI13) -> 22633 | CR13: =_xlfn.RANK.EQ(CQ13,CQ$3:CQ$10000) -> 5 | CS13: =_xlfn.RANK.EQ(CT13,CT$3:CT$10000,1) -> 4 | CT13: =CV13*$CN$1+CX13*$CP$1+CZ13*$CR$1 -> 21.225 | CU13: =_xlfn.STDEV.S(F13,L13,R13,X13,AD13,AJ13,AP13,AV13,BB13,BH13,BN13,BT13,BZ13,CF13) -> 7.218718 | CV13: =_xlfn.RANK.EQ(CU13,CU$3:CU$10000,1) -> 21 | CW13: =_xlfn.STDEV.S(H13,N13,T13,Z13,AF13,AL13,AR13,AX13,BD13,BJ13,BP13,BV13,CB13,CH13) -> 10.9995 | CX13: =_xlfn.RANK.EQ(CW13,CW$3:CW$10000,1) -> 33 | CY13: =_xlfn.STDEV.S(J13,P13,V13,AB13,AH13,AN13,AT13,AZ13,BF13,BL13,BR13,BX13,CD13,CJ13) -> 7.7841767 | CZ13: =_xlfn.RANK.EQ(CY13,CY$3:CY$10000,1) -> 18 | DA13: =SUM(COUNTIF(E13,">0"),COUNTIF(K13,">0"),COUNTIF(Q13,">0"),COUNTIF(W13,">0"),COUNTIF(AC13,">0"),COUNTIF(AI13,">0"),COUNTIF(AO13,">0"),COUNTIF(AU13,">0"),COUNTIF(BA13,">0"),COUNTIF(BG13,">0"),COUNTIF(BM13,">0"),COUNTIF(BS13,">0"),COUNTIF(BY13,">0"),COUNTIF(CE13,">0")) -> 14
B14: João Antunes ???? João Antunes ???? | C14: João Antunes 🇵🇹 | D14: =CN14*$CN$1+CP14*$CP$1+CR14*$CR$1 -> 13.5 | E14: =IFERROR(_xlfn.XLOOKUP(B14,'w1'!$B:$B,'w1'!$C:$C),0) -> 35.7 | F14: =_xlfn.RANK.EQ(E14,E$3:E$10000,0) -> 21 | G14: =IFERROR(_xlfn.XLOOKUP(B14,'w1'!$B:$B,'w1'!$F:$F),1) -> 0.32569444 | H14: =_xlfn.RANK.EQ(G14,G$3:G$10000,1) -> 64 | I14: =IFERROR(IF(_xlfn.XLOOKUP(B14,'w1'!$B:$B,'w1'!$G:$G)="--",0,_xlfn.XLOOKUP(B14,'w1'!$B:$B,'w1'!$G:$G)),0) -> 751 | J14: =_xlfn.RANK.EQ(I14,I$3:I$10000,0) -> 12 | K14: =IFERROR(_xlfn.XLOOKUP(B14,'w2'!$B:$B,'w2'!$C:$C),0) -> 33 | L14: =_xlfn.RANK.EQ(K14,K$3:K$10000,0) -> 22 | M14: =IFERROR(_xlfn.XLOOKUP(B14,'w2'!$B:$B,'w2'!$F:$F),1) -> 0.275 | N14: =_xlfn.RANK.EQ(M14,M$3:M$10000,1) -> 32 | O14: =IFERROR(IF(_xlfn.XLOOKUP(B14,'w2'!$B:$B,'w2'!$G:$G)="--",0,_xlfn.XLOOKUP(B14,'w2'!$B:$B,'w2'!$G:$G)),0) -> 521 | P14: =_xlfn.RANK.EQ(O14,O$3:O$10000,0) -> 17 | Q14: =IFERROR(_xlfn.XLOOKUP(B14,'w3'!$B:$B,'w3'!$C:$C),0) -> 61.6 | R14: =_xlfn.RANK.EQ(Q14,Q$3:Q$10000,0) -> 7 | S14: =IFERROR(_xlfn.XLOOKUP(B14,'w3'!$B:$B,'w3'!$F:$F),1) -> 0.35833333 | T14: =_xlfn.RANK.EQ(S14,S$3:S$10000,1) -> 73 | U14: =IFERROR(IF(_xlfn.XLOOKUP(B14,'w3'!$B:$B,'w3'!$G:$G)="--",0,_xlfn.XLOOKUP(B14,'w3'!$B:$B,'w3'!$G:$G)),0) -> 2509 | V14: =_xlfn.RANK.EQ(U14,U$3:U$10000,0) -> 3 | W14: =IFERROR(_xlfn.XLOOKUP(B14,'w4'!$B:$B,'w4'!$C:$C),0) -> 53.2 | X14: =_xlfn.RANK.EQ(W14,W$3:W$10000,0) -> 10 | Y14: =IFERROR(_xlfn.XLOOKUP(B14,'w4'!$B:$B,'w4'!$F:$F),1) -> 0.32291667 | Z14: =_xlfn.RANK.EQ(Y14,Y$3:Y$10000,1) -> 56 | AA14: =IFERROR(IF(_xlfn.XLOOKUP(B14,'w4'!$B:$B,'w4'!$G:$G)="--",0,_xlfn.XLOOKUP(B14,'w4'!$B:$B,'w4'!$G:$G)),0) -> 1000 | AB14: =_xlfn.RANK.EQ(AA14,AA$3:AA$10000,0) -> 12 | AC14: =IFERROR(_xlfn.XLOOKUP(B14,'w5'!$B:$B,'w5'!$C:$C),0) -> 42.9 | AD14: =_xlfn.RANK.EQ(AC14,AC$3:AC$10000,0) -> 18 | AE14: =IFERROR(_xlfn.XLOOKUP(B14,'w5'!$B:$B,'w5'!$F:$F),1) -> 0.37013889 | AF14: =_xlfn.RANK.EQ(AE14,AE$3:AE$10000,1) -> 60 | AG14: =IFERROR(IF(_xlfn.XLOOKUP(B14,'w5'!$B:$B,'w5'!$G:$G)="--",0,_xlfn.XLOOKUP(B14,'w5'!$B:$B,'w5'!$G:$G)),0) -> 1854 | AH14: =_xlfn.RANK.EQ(AG14,AG$3:AG$10000,0) -> 5 | AI14: =IFERROR(_xlfn.XLOOKUP(B14,'w6'!$B:$B,'w6'!$C:$C),0) -> 20.6 | AJ14: =_xlfn.RANK.EQ(AI14,AI$3:AI$10000,0) -> 30 | AK14: =IFERROR(_xlfn.XLOOKUP(B14,'w6'!$B:$B,'w6'!$F:$F),1) -> 0.29513889 | AL14: =_xlfn.RANK.EQ(AK14,AK$3:AK$10000,1) -> 35 | AM14: =IFERROR(IF(_xlfn.XLOOKUP(B14,'w6'!$B:$B,'w6'!$G:$G)="--",0,_xlfn.XLOOKUP(B14,'w6'!$B:$B,'w6'!$G:$G)),0) -> 480 | AN14: =_xlfn.RANK.EQ(AM14,AM$3:AM$10000,0) -> 15 | AO14: =IFERROR(_xlfn.XLOOKUP(B14,'w7'!$B:$B,'w7'!$C:$C),0) -> 48.2 | AP14: =_xlfn.RANK.EQ(AO14,AO$3:AO$10000,0) -> 12 | AQ14: =IFERROR(_xlfn.XLOOKUP(B14,'w7'!$B:$B,'w7'!$F:$F),1) -> 0.37569444 | AR14: =_xlfn.RANK.EQ(AQ14,AQ$3:AQ$10000,1) -> 57 | AS14: =IFERROR(IF(_xlfn.XLOOKUP(B14,'w7'!$B:$B,'w7'!$G:$G)="--",0,_xlfn.XLOOKUP(B14,'w7'!$B:$B,'w7'!$G:$G)),0) -> 1915 | AT14: =_xlfn.RANK.EQ(AS14,AS$3:AS$10000,0) -> 3 | AU14: =IFERROR(_xlfn.XLOOKUP(B14,'w8'!$B:$B,'w8'!$C:$C),0) -> 52.1 | AV14: =_xlfn.RANK.EQ(AU14,AU$3:AU$10000,0) -> 12 | AW14: =IFERROR(_xlfn.XLOOKUP(B14,'w8'!$B:$B,'w8'!$F:$F),1) -> 0.31111111 | AX14: =_xlfn.RANK.EQ(AW14,AW$3:AW$10000,1) -> 51 | AY14: =IFERROR(IF(_xlfn.XLOOKUP(B14,'w8'!$B:$B,'w8'!$G:$G)="--",0,_xlfn.XLOOKUP(B14,'w8'!$B:$B,'w8'!$G:$G)),0) -> 1452 | AZ14: =_xlfn.RANK.EQ(AY14,AY$3:AY$10000,0) -> 7 | BA14: =IFERROR(_xlfn.XLOOKUP(C14,'w9'!$B:$B,'w9'!$C:$C),0) -> 53.9 | BB14: =_xlfn.RANK.EQ(BA14,BA$3:BA$10000,0) -> 12 | BC14: =IFERROR(_xlfn.XLOOKUP(C14,'w9'!$B:$B,'w9'!$F:$F),1) -> 0.28263889 | BD14: =_xlfn.RANK.EQ(BC14,BC$3:BC$10000,1) -> 34 | BE14: =IFERROR(IF(_xlfn.XLOOKUP(C14,'w9'!$B:$B,'w9'!$G:$G)="--",0,_xlfn.XLOOKUP(C14,'w9'!$B:$B,'w9'!$G:$G)),0) -> 650 | BF14: =_xlfn.RANK.EQ(BE14,BE$3:BE$10000,0) -> 18 | BG14: =IFERROR(_xlfn.XLOOKUP(B14,'w10'!$B:$B,'w10'!$C:$C),0) -> 49.9 | BH14: =_xlfn.RANK.EQ(BG14,BG$3:BG$10000,0) -> 11 | BI14: =IFERROR(_xlfn.XLOOKUP(B14,'w10'!$B:$B,'w10'!$F:$F),1) -> 0.30972222 | BJ14: =_xlfn.RANK.EQ(BI14,BI$3:BI$10000,1) -> 55 | BK14: =IFERROR(IF(_xlfn.XLOOKUP(B14,'w10'!$B:$B,'w10'!$G:$G)="--",0,_xlfn.XLOOKUP(B14,'w10'!$B:$B,'w10'!$G:$G)),0) -> 1325 | BL14: =_xlfn.RANK.EQ(BK14,BK$3:BK$10000,0) -> 8 | BM14: =IFERROR(_xlfn.XLOOKUP(B14,'w11'!$B:$B,'w11'!$C:$C),0) -> 6 | BN14: =_xlfn.RANK.EQ(BM14,BM$3:BM$10000,0) -> 72 | BO14: =IFERROR(_xlfn.XLOOKUP(B14,'w11'!$B:$B,'w11'!$F:$F),1) -> 0.28680556 | BP14: =_xlfn.RANK.EQ(BO14,BO$3:BO$10000,1) -> 44 | BQ14: =IFERROR(IF(_xlfn.XLOOKUP(B14,'w11'!$B:$B,'w11'!$G:$G)="--",0,_xlfn.XLOOKUP(B14,'w11'!$B:$B,'w11'!$G:$G)),0) -> 80 | BR14: =_xlfn.RANK.EQ(BQ14,BQ$3:BQ$10000,0) -> 64 | BS14: =IFERROR(_xlfn.XLOOKUP(B14,'w12'!$B:$B,'w12'!$C:$C),0) -> 21 | BT14: =_xlfn.RANK.EQ(BS14,BS$3:BS$10000,0) -> 34 | BU14: =IFERROR(_xlfn.XLOOKUP(B14,'w12'!$B:$B,'w12'!$F:$F),1) -> 0.31180556 | BV14: =_xlfn.RANK.EQ(BU14,BU$3:BU$10000,1) -> 55 | BW14: =IFERROR(IF(_xlfn.XLOOKUP(B14,'w12'!$B:$B,'w12'!$G:$G)="--",0,_xlfn.XLOOKUP(B14,'w12'!$B:$B,'w12'!$G:$G)),0) -> 369 | BX14: =_xlfn.RANK.EQ(BW14,BW$3:BW$10000,0) -> 16 | BY14: =IFERROR(_xlfn.XLOOKUP(B14,'w13'!$B:$B,'w13'!$C:$C),0) -> 67.5 | BZ14: =_xlfn.RANK.EQ(BY14,BY$3:BY$10000,0) -> 4 | CA14: =IFERROR(_xlfn.XLOOKUP(B14,'w13'!$B:$B,'w13'!$F:$F),1) -> 0.34236111 | CB14: =_xlfn.RANK.EQ(CA14,CA$3:CA$10000,1) -> 57 | CC14: =IFERROR(IF(_xlfn.XLOOKUP(B14,'w13'!$B:$B,'w13'!$G:$G)="--",0,_xlfn.XLOOKUP(B14,'w13'!$B:$B,'w13'!$G:$G)),0) -> 2194 | CD14: =_xlfn.RANK.EQ(CC14,CC$3:CC$10000,0) -> 2 | CE14: =IFERROR(_xlfn.XLOOKUP(B14,'w14'!$B:$B,'w14'!$C:$C),0) -> 33.8 | CF14: =_xlfn.RANK.EQ(CE14,CE$3:CE$10000,0) -> 28 | CG14: =IFERROR(_xlfn.XLOOKUP(B14,'w14'!$B:$B,'w14'!$F:$F),1) -> 0.33333333 | CH14: =_xlfn.RANK.EQ(CG14,CG$3:CG$10000,1) -> 52 | CI14: =IFERROR(IF(_xlfn.XLOOKUP(B14,'w14'!$B:$B,'w14'!$G:$G)="--",0,_xlfn.XLOOKUP(B14,'w14'!$B:$B,'w14'!$G:$G)),0) -> 849 | CJ14: =_xlfn.RANK.EQ(CI14,CI$3:CI$10000,0) -> 12 | CK14: =_xlfn.RANK.EQ(D14,D$3:D$10000,1) -> 12 | CL14: João Antunes | CM14: =SUM(E14,K14,Q14,W14,AC14,AI14,AO14,AU14,BA14,BG14,BM14,BS14,BY14,CE14) -> 579.4 | CN14: =_xlfn.RANK.EQ(CM14,CM$3:CM$10000) -> 12 | CO14: =IFERROR(SUM(PRODUCT(E14,G14),PRODUCT(K14,M14),PRODUCT(Q14,S14),PRODUCT(W14,Y14),PRODUCT(AC14,AE14),PRODUCT(AI14,AK14),PRODUCT(AO14,AQ14),PRODUCT(AU14,AW14),PRODUCT(BA14,BC14),PRODUCT(BG14,BI14),PRODUCT(BM14,BO14),PRODUCT(BS14,BU14),PRODUCT(BY14,CA14),PRODUCT(CE14,CG14))/CM14,1) -> 0.3271749 | CP14: =_xlfn.RANK.EQ(CO14,CO$3:CO$10000,1) -> 75 | CQ14: =SUM(I14,O14,U14,AA14,AG14,AM14,AS14,AY14,BE14,BK14,BQ14,BW14,CC14,CI14) -> 15949 | CR14: =_xlfn.RANK.EQ(CQ14,CQ$3:CQ$10000) -> 9 | CS14: =_xlfn.RANK.EQ(CT14,CT$3:CT$10000,1) -> 28 | CT14: =CV14*$CN$1+CX14*$CP$1+CZ14*$CR$1 -> 78.3 | CU14: =_xlfn.STDEV.S(F14,L14,R14,X14,AD14,AJ14,AP14,AV14,BB14,BH14,BN14,BT14,BZ14,CF14) -> 17.229064 | CV14: =_xlfn.RANK.EQ(CU14,CU$3:CU$10000,1) -> 80 | CW14: =_xlfn.STDEV.S(H14,N14,T14,Z14,AF14,AL14,AR14,AX14,BD14,BJ14,BP14,BV14,CB14,CH14) -> 11.800773 | CX14: =_xlfn.RANK.EQ(CW14,CW$3:CW$10000,1) -> 36 | CY14: =_xlfn.STDEV.S(J14,P14,V14,AB14,AH14,AN14,AT14,AZ14,BF14,BL14,BR14,BX14,CD14,CJ14) -> 15.426536 | CZ14: =_xlfn.RANK.EQ(CY14,CY$3:CY$10000,1) -> 56 | DA14: =SUM(COUNTIF(E14,">0"),COUNTIF(K14,">0"),COUNTIF(Q14,">0"),COUNTIF(W14,">0"),COUNTIF(AC14,">0"),COUNTIF(AI14,">0"),COUNTIF(AO14,">0"),COUNTIF(AU14,">0"),COUNTIF(BA14,">0"),COUNTIF(BG14,">0"),COUNTIF(BM14,">0"),COUNTIF(BS14,">0"),COUNTIF(BY14,">0"),COUNTIF(CE14,">0")) -> 14
B15: José Manso José Manso | C15: José Manso | D15: =CN15*$CN$1+CP15*$CP$1+CR15*$CR$1 -> 14.2 | E15: =IFERROR(_xlfn.XLOOKUP(B15,'w1'!$B:$B,'w1'!$C:$C),0) -> 60.9 | F15: =_xlfn.RANK.EQ(E15,E$3:E$10000,0) -> 4 | G15: =IFERROR(_xlfn.XLOOKUP(B15,'w1'!$B:$B,'w1'!$F:$F),1) -> 0.31805556 | H15: =_xlfn.RANK.EQ(G15,G$3:G$10000,1) -> 61 | I15: =IFERROR(IF(_xlfn.XLOOKUP(B15,'w1'!$B:$B,'w1'!$G:$G)="--",0,_xlfn.XLOOKUP(B15,'w1'!$B:$B,'w1'!$G:$G)),0) -> 1907 | J15: =_xlfn.RANK.EQ(I15,I$3:I$10000,0) -> 3 | K15: =IFERROR(_xlfn.XLOOKUP(B15,'w2'!$B:$B,'w2'!$C:$C),0) -> 56.9 | L15: =_xlfn.RANK.EQ(K15,K$3:K$10000,0) -> 8 | M15: =IFERROR(_xlfn.XLOOKUP(B15,'w2'!$B:$B,'w2'!$F:$F),1) -> 0.34236111 | N15: =_xlfn.RANK.EQ(M15,M$3:M$10000,1) -> 60 | O15: =IFERROR(IF(_xlfn.XLOOKUP(B15,'w2'!$B:$B,'w2'!$G:$G)="--",0,_xlfn.XLOOKUP(B15,'w2'!$B:$B,'w2'!$G:$G)),0) -> 2893 | P15: =_xlfn.RANK.EQ(O15,O$3:O$10000,0) -> 2 | Q15: =IFERROR(_xlfn.XLOOKUP(B15,'w3'!$B:$B,'w3'!$C:$C),0) -> 52.6 | R15: =_xlfn.RANK.EQ(Q15,Q$3:Q$10000,0) -> 10 | S15: =IFERROR(_xlfn.XLOOKUP(B15,'w3'!$B:$B,'w3'!$F:$F),1) -> 0.27291667 | T15: =_xlfn.RANK.EQ(S15,S$3:S$10000,1) -> 40 | U15: =IFERROR(IF(_xlfn.XLOOKUP(B15,'w3'!$B:$B,'w3'!$G:$G)="--",0,_xlfn.XLOOKUP(B15,'w3'!$B:$B,'w3'!$G:$G)),0) -> 1658 | V15: =_xlfn.RANK.EQ(U15,U$3:U$10000,0) -> 6 | W15: =IFERROR(_xlfn.XLOOKUP(B15,'w4'!$B:$B,'w4'!$C:$C),0) -> 42.2 | X15: =_xlfn.RANK.EQ(W15,W$3:W$10000,0) -> 13 | Y15: =IFERROR(_xlfn.XLOOKUP(B15,'w4'!$B:$B,'w4'!$F:$F),1) -> 0.34375 | Z15: =_xlfn.RANK.EQ(Y15,Y$3:Y$10000,1) -> 62 | AA15: =IFERROR(IF(_xlfn.XLOOKUP(B15,'w4'!$B:$B,'w4'!$G:$G)="--",0,_xlfn.XLOOKUP(B15,'w4'!$B:$B,'w4'!$G:$G)),0) -> 2944 | AB15: =_xlfn.RANK.EQ(AA15,AA$3:AA$10000,0) -> 1 | AC15: =IFERROR(_xlfn.XLOOKUP(B15,'w5'!$B:$B,'w5'!$C:$C),0) -> 18.1 | AD15: =_xlfn.RANK.EQ(AC15,AC$3:AC$10000,0) -> 53 | AE15: =IFERROR(_xlfn.XLOOKUP(B15,'w5'!$B:$B,'w5'!$F:$F),1) -> 0.35 | AF15: =_xlfn.RANK.EQ(AE15,AE$3:AE$10000,1) -> 56 | AG15: =IFERROR(IF(_xlfn.XLOOKUP(B15,'w5'!$B:$B,'w5'!$G:$G)="--",0,_xlfn.XLOOKUP(B15,'w5'!$B:$B,'w5'!$G:$G)),0) -> 1084 | AH15: =_xlfn.RANK.EQ(AG15,AG$3:AG$10000,0) -> 13 | AI15: =IFERROR(_xlfn.XLOOKUP(B15,'w6'!$B:$B,'w6'!$C:$C),0) -> 23 | AJ15: =_xlfn.RANK.EQ(AI15,AI$3:AI$10000,0) -> 26 | AK15: =IFERROR(_xlfn.XLOOKUP(B15,'w6'!$B:$B,'w6'!$F:$F),1) -> 0.35486111 | AL15: =_xlfn.RANK.EQ(AK15,AK$3:AK$10000,1) -> 53 | AM15: =IFERROR(IF(_xlfn.XLOOKUP(B15,'w6'!$B:$B,'w6'!$G:$G)="--",0,_xlfn.XLOOKUP(B15,'w6'!$B:$B,'w6'!$G:$G)),0) -> 1377 | AN15: =_xlfn.RANK.EQ(AM15,AM$3:AM$10000,0) -> 3 | AO15: =IFERROR(_xlfn.XLOOKUP(B15,'w7'!$B:$B,'w7'!$C:$C),0) -> 33.5 | AP15: =_xlfn.RANK.EQ(AO15,AO$3:AO$10000,0) -> 22 | AQ15: =IFERROR(_xlfn.XLOOKUP(B15,'w7'!$B:$B,'w7'!$F:$F),1) -> 0.29652778 | AR15: =_xlfn.RANK.EQ(AQ15,AQ$3:AQ$10000,1) -> 41 | AS15: =IFERROR(IF(_xlfn.XLOOKUP(B15,'w7'!$B:$B,'w7'!$G:$G)="--",0,_xlfn.XLOOKUP(B15,'w7'!$B:$B,'w7'!$G:$G)),0) -> 1321 | AT15: =_xlfn.RANK.EQ(AS15,AS$3:AS$10000,0) -> 11 | AU15: =IFERROR(_xlfn.XLOOKUP(B15,'w8'!$B:$B,'w8'!$C:$C),0) -> 84.2 | AV15: =_xlfn.RANK.EQ(AU15,AU$3:AU$10000,0) -> 5 | AW15: =IFERROR(_xlfn.XLOOKUP(B15,'w8'!$B:$B,'w8'!$F:$F),1) -> 0.30486111 | AX15: =_xlfn.RANK.EQ(AW15,AW$3:AW$10000,1) -> 47 | AY15: =IFERROR(IF(_xlfn.XLOOKUP(B15,'w8'!$B:$B,'w8'!$G:$G)="--",0,_xlfn.XLOOKUP(B15,'w8'!$B:$B,'w8'!$G:$G)),0) -> 2583 | AZ15: =_xlfn.RANK.EQ(AY15,AY$3:AY$10000,0) -> 3 | BA15: =IFERROR(_xlfn.XLOOKUP(C15,'w9'!$B:$B,'w9'!$C:$C),0) -> 50.2 | BB15: =_xlfn.RANK.EQ(BA15,BA$3:BA$10000,0) -> 15 | BC15: =IFERROR(_xlfn.XLOOKUP(C15,'w9'!$B:$B,'w9'!$F:$F),1) -> 0.32222222 | BD15: =_xlfn.RANK.EQ(BC15,BC$3:BC$10000,1) -> 51 | BE15: =IFERROR(IF(_xlfn.XLOOKUP(C15,'w9'!$B:$B,'w9'!$G:$G)="--",0,_xlfn.XLOOKUP(C15,'w9'!$B:$B,'w9'!$G:$G)),0) -> 2129 | BF15: =_xlfn.RANK.EQ(BE15,BE$3:BE$10000,0) -> 1 | BG15: =IFERROR(_xlfn.XLOOKUP(B15,'w10'!$B:$B,'w10'!$C:$C),0) -> 29.3 | BH15: =_xlfn.RANK.EQ(BG15,BG$3:BG$10000,0) -> 30 | BI15: =IFERROR(_xlfn.XLOOKUP(B15,'w10'!$B:$B,'w10'!$F:$F),1) -> 0.33402778 | BJ15: =_xlfn.RANK.EQ(BI15,BI$3:BI$10000,1) -> 62 | BK15: =IFERROR(IF(_xlfn.XLOOKUP(B15,'w10'!$B:$B,'w10'!$G:$G)="--",0,_xlfn.XLOOKUP(B15,'w10'!$B:$B,'w10'!$G:$G)),0) -> 1511 | BL15: =_xlfn.RANK.EQ(BK15,BK$3:BK$10000,0) -> 6 | BM15: =IFERROR(_xlfn.XLOOKUP(B15,'w11'!$B:$B,'w11'!$C:$C),0) -> 0 | BN15: =_xlfn.RANK.EQ(BM15,BM$3:BM$10000,0) -> 76 | BO15: =IFERROR(_xlfn.XLOOKUP(B15,'w11'!$B:$B,'w11'!$F:$F),1) -> 1 | BP15: =_xlfn.RANK.EQ(BO15,BO$3:BO$10000,1) -> 76 | BQ15: =IFERROR(IF(_xlfn.XLOOKUP(B15,'w11'!$B:$B,'w11'!$G:$G)="--",0,_xlfn.XLOOKUP(B15,'w11'!$B:$B,'w11'!$G:$G)),0) -> 0 | BR15: =_xlfn.RANK.EQ(BQ15,BQ$3:BQ$10000,0) -> 75 | BS15: =IFERROR(_xlfn.XLOOKUP(B15,'w12'!$B:$B,'w12'!$C:$C),0) -> 0 | BT15: =_xlfn.RANK.EQ(BS15,BS$3:BS$10000,0) -> 76 | BU15: =IFERROR(_xlfn.XLOOKUP(B15,'w12'!$B:$B,'w12'!$F:$F),1) -> 1 | BV15: =_xlfn.RANK.EQ(BU15,BU$3:BU$10000,1) -> 76 | BW15: =IFERROR(IF(_xlfn.XLOOKUP(B15,'w12'!$B:$B,'w12'!$G:$G)="--",0,_xlfn.XLOOKUP(B15,'w12'!$B:$B,'w12'!$G:$G)),0) -> 0 | BX15: =_xlfn.RANK.EQ(BW15,BW$3:BW$10000,0) -> 73 | BY15: =IFERROR(_xlfn.XLOOKUP(B15,'w13'!$B:$B,'w13'!$C:$C),0) -> 17 | BZ15: =_xlfn.RANK.EQ(BY15,BY$3:BY$10000,0) -> 47 | CA15: =IFERROR(_xlfn.XLOOKUP(B15,'w13'!$B:$B,'w13'!$F:$F),1) -> 0.39722222 | CB15: =_xlfn.RANK.EQ(CA15,CA$3:CA$10000,1) -> 67 | CC15: =IFERROR(IF(_xlfn.XLOOKUP(B15,'w13'!$B:$B,'w13'!$G:$G)="--",0,_xlfn.XLOOKUP(B15,'w13'!$B:$B,'w13'!$G:$G)),0) -> 1128 | CD15: =_xlfn.RANK.EQ(CC15,CC$3:CC$10000,0) -> 11 | CE15: =IFERROR(_xlfn.XLOOKUP(B15,'w14'!$B:$B,'w14'!$C:$C),0) -> 91.2 | CF15: =_xlfn.RANK.EQ(CE15,CE$3:CE$10000,0) -> 2 | CG15: =IFERROR(_xlfn.XLOOKUP(B15,'w14'!$B:$B,'w14'!$F:$F),1) -> 0.31319444 | CH15: =_xlfn.RANK.EQ(CG15,CG$3:CG$10000,1) -> 43 | CI15: =IFERROR(IF(_xlfn.XLOOKUP(B15,'w14'!$B:$B,'w14'!$G:$G)="--",0,_xlfn.XLOOKUP(B15,'w14'!$B:$B,'w14'!$G:$G)),0) -> 2480 | CJ15: =_xlfn.RANK.EQ(CI15,CI$3:CI$10000,0) -> 3 | CK15: =_xlfn.RANK.EQ(D15,D$3:D$10000,1) -> 13 | CL15: José Manso | CM15: =SUM(E15,K15,Q15,W15,AC15,AI15,AO15,AU15,BA15,BG15,BM15,BS15,BY15,CE15) -> 559.1 | CN15: =_xlfn.RANK.EQ(CM15,CM$3:CM$10000) -> 13 | CO15: =IFERROR(SUM(PRODUCT(E15,G15),PRODUCT(K15,M15),PRODUCT(Q15,S15),PRODUCT(W15,Y15),PRODUCT(AC15,AE15),PRODUCT(AI15,AK15),PRODUCT(AO15,AQ15),PRODUCT(AU15,AW15),PRODUCT(BA15,BC15),PRODUCT(BG15,BI15),PRODUCT(BM15,BO15),PRODUCT(BS15,BU15),PRODUCT(BY15,CA15),PRODUCT(CE15,CG15))/CM15,1) -> 0.32031849 | CP15: =_xlfn.RANK.EQ(CO15,CO$3:CO$10000,1) -> 71 | CQ15: =SUM(I15,O15,U15,AA15,AG15,AM15,AS15,AY15,BE15,BK15,BQ15,BW15,CC15,CI15) -> 23015 | CR15: =_xlfn.RANK.EQ(CQ15,CQ$3:CQ$10000) -> 3 | CU15: =_xlfn.STDEV.S(F15,L15,R15,X15,AD15,AJ15,AP15,AV15,BB15,BH15,BN15,BT15,BZ15,CF15) -> 25.623328 | CV15: =_xlfn.RANK.EQ(CU15,CU$3:CU$10000,1) -> 103 | CW15: =_xlfn.STDEV.S(H15,N15,T15,Z15,AF15,AL15,AR15,AX15,BD15,BJ15,BP15,BV15,CB15,CH15) -> 11.735407 | CX15: =_xlfn.RANK.EQ(CW15,CW$3:CW$10000,1) -> 34 | CY15: =_xlfn.STDEV.S(J15,P15,V15,AB15,AH15,AN15,AT15,AZ15,BF15,BL15,BR15,BX15,CD15,CJ15) -> 25.266166 | CZ15: =_xlfn.RANK.EQ(CY15,CY$3:CY$10000,1) -> 100 | DA15: =SUM(COUNTIF(E15,">0"),COUNTIF(K15,">0"),COUNTIF(Q15,">0"),COUNTIF(W15,">0"),COUNTIF(AC15,">0"),COUNTIF(AI15,">0"),COUNTIF(AO15,">0"),COUNTIF(AU15,">0"),COUNTIF(BA15,">0"),COUNTIF(BG15,">0"),COUNTIF(BM15,">0"),COUNTIF(BS15,">0"),COUNTIF(BY15,">0"),COUNTIF(CE15,">0")) -> 12
B16: Ana Rute Matos Ana Rute Matos | C16: Ana Rute Matos | D16: =CN16*$CN$1+CP16*$CP$1+CR16*$CR$1 -> 15.2 | E16: =IFERROR(_xlfn.XLOOKUP(B16,'w1'!$B:$B,'w1'!$C:$C),0) -> 17.1 | F16: =_xlfn.RANK.EQ(E16,E$3:E$10000,0) -> 48 | G16: =IFERROR(_xlfn.XLOOKUP(B16,'w1'!$B:$B,'w1'!$F:$F),1) -> 0.27986111 | H16: =_xlfn.RANK.EQ(G16,G$3:G$10000,1) -> 46 | I16: =IFERROR(IF(_xlfn.XLOOKUP(B16,'w1'!$B:$B,'w1'!$G:$G)="--",0,_xlfn.XLOOKUP(B16,'w1'!$B:$B,'w1'!$G:$G)),0) -> 72 | J16: =_xlfn.RANK.EQ(I16,I$3:I$10000,0) -> 58 | K16: =IFERROR(_xlfn.XLOOKUP(B16,'w2'!$B:$B,'w2'!$C:$C),0) -> 27.1 | L16: =_xlfn.RANK.EQ(K16,K$3:K$10000,0) -> 33 | M16: =IFERROR(_xlfn.XLOOKUP(B16,'w2'!$B:$B,'w2'!$F:$F),1) -> 0.27777778 | N16: =_xlfn.RANK.EQ(M16,M$3:M$10000,1) -> 35 | O16: =IFERROR(IF(_xlfn.XLOOKUP(B16,'w2'!$B:$B,'w2'!$G:$G)="--",0,_xlfn.XLOOKUP(B16,'w2'!$B:$B,'w2'!$G:$G)),0) -> 67 | P16: =_xlfn.RANK.EQ(O16,O$3:O$10000,0) -> 60 | Q16: =IFERROR(_xlfn.XLOOKUP(B16,'w3'!$B:$B,'w3'!$C:$C),0) -> 30.6 | R16: =_xlfn.RANK.EQ(Q16,Q$3:Q$10000,0) -> 28 | S16: =IFERROR(_xlfn.XLOOKUP(B16,'w3'!$B:$B,'w3'!$F:$F),1) -> 0.27013889 | T16: =_xlfn.RANK.EQ(S16,S$3:S$10000,1) -> 36 | U16: =IFERROR(IF(_xlfn.XLOOKUP(B16,'w3'!$B:$B,'w3'!$G:$G)="--",0,_xlfn.XLOOKUP(B16,'w3'!$B:$B,'w3'!$G:$G)),0) -> 135 | V16: =_xlfn.RANK.EQ(U16,U$3:U$10000,0) -> 45 | W16: =IFERROR(_xlfn.XLOOKUP(B16,'w4'!$B:$B,'w4'!$C:$C),0) -> 33.1 | X16: =_xlfn.RANK.EQ(W16,W$3:W$10000,0) -> 21 | Y16: =IFERROR(_xlfn.XLOOKUP(B16,'w4'!$B:$B,'w4'!$F:$F),1) -> 0.26041667 | Z16: =_xlfn.RANK.EQ(Y16,Y$3:Y$10000,1) -> 30 | AA16: =IFERROR(IF(_xlfn.XLOOKUP(B16,'w4'!$B:$B,'w4'!$G:$G)="--",0,_xlfn.XLOOKUP(B16,'w4'!$B:$B,'w4'!$G:$G)),0) -> 292 | AB16: =_xlfn.RANK.EQ(AA16,AA$3:AA$10000,0) -> 29 | AC16: =IFERROR(_xlfn.XLOOKUP(B16,'w5'!$B:$B,'w5'!$C:$C),0) -> 37.3 | AD16: =_xlfn.RANK.EQ(AC16,AC$3:AC$10000,0) -> 27 | AE16: =IFERROR(_xlfn.XLOOKUP(B16,'w5'!$B:$B,'w5'!$F:$F),1) -> 0.22708333 | AF16: =_xlfn.RANK.EQ(AE16,AE$3:AE$10000,1) -> 8 | AG16: =IFERROR(IF(_xlfn.XLOOKUP(B16,'w5'!$B:$B,'w5'!$G:$G)="--",0,_xlfn.XLOOKUP(B16,'w5'!$B:$B,'w5'!$G:$G)),0) -> 137 | AH16: =_xlfn.RANK.EQ(AG16,AG$3:AG$10000,0) -> 54 | AI16: =IFERROR(_xlfn.XLOOKUP(B16,'w6'!$B:$B,'w6'!$C:$C),0) -> 39.8 | AJ16: =_xlfn.RANK.EQ(AI16,AI$3:AI$10000,0) -> 10 | AK16: =IFERROR(_xlfn.XLOOKUP(B16,'w6'!$B:$B,'w6'!$F:$F),1) -> 0.25486111 | AL16: =_xlfn.RANK.EQ(AK16,AK$3:AK$10000,1) -> 17 | AM16: =IFERROR(IF(_xlfn.XLOOKUP(B16,'w6'!$B:$B,'w6'!$G:$G)="--",0,_xlfn.XLOOKUP(B16,'w6'!$B:$B,'w6'!$G:$G)),0) -> 280 | AN16: =_xlfn.RANK.EQ(AM16,AM$3:AM$10000,0) -> 28 | AO16: =IFERROR(_xlfn.XLOOKUP(B16,'w7'!$B:$B,'w7'!$C:$C),0) -> 36.6 | AP16: =_xlfn.RANK.EQ(AO16,AO$3:AO$10000,0) -> 20 | AQ16: =IFERROR(_xlfn.XLOOKUP(B16,'w7'!$B:$B,'w7'!$F:$F),1) -> 0.25486111 | AR16: =_xlfn.RANK.EQ(AQ16,AQ$3:AQ$10000,1) -> 24 | AS16: =IFERROR(IF(_xlfn.XLOOKUP(B16,'w7'!$B:$B,'w7'!$G:$G)="--",0,_xlfn.XLOOKUP(B16,'w7'!$B:$B,'w7'!$G:$G)),0) -> 81 | AT16: =_xlfn.RANK.EQ(AS16,AS$3:AS$10000,0) -> 56 | AU16: =IFERROR(_xlfn.XLOOKUP(B16,'w8'!$B:$B,'w8'!$C:$C),0) -> 58.4 | AV16: =_xlfn.RANK.EQ(AU16,AU$3:AU$10000,0) -> 7 | AW16: =IFERROR(_xlfn.XLOOKUP(B16,'w8'!$B:$B,'w8'!$F:$F),1) -> 0.25625 | AX16: =_xlfn.RANK.EQ(AW16,AW$3:AW$10000,1) -> 19 | AY16: =IFERROR(IF(_xlfn.XLOOKUP(B16,'w8'!$B:$B,'w8'!$G:$G)="--",0,_xlfn.XLOOKUP(B16,'w8'!$B:$B,'w8'!$G:$G)),0) -> 165 | AZ16: =_xlfn.RANK.EQ(AY16,AY$3:AY$10000,0) -> 44 | BA16: =IFERROR(_xlfn.XLOOKUP(C16,'w9'!$B:$B,'w9'!$C:$C),0) -> 38.7 | BB16: =_xlfn.RANK.EQ(BA16,BA$3:BA$10000,0) -> 25 | BC16: =IFERROR(_xlfn.XLOOKUP(C16,'w9'!$B:$B,'w9'!$F:$F),1) -> 0.26041667 | BD16: =_xlfn.RANK.EQ(BC16,BC$3:BC$10000,1) -> 18 | BE16: =IFERROR(IF(_xlfn.XLOOKUP(C16,'w9'!$B:$B,'w9'!$G:$G)="--",0,_xlfn.XLOOKUP(C16,'w9'!$B:$B,'w9'!$G:$G)),0) -> 244 | BF16: =_xlfn.RANK.EQ(BE16,BE$3:BE$10000,0) -> 48 | BG16: =IFERROR(_xlfn.XLOOKUP(B16,'w10'!$B:$B,'w10'!$C:$C),0) -> 46.6 | BH16: =_xlfn.RANK.EQ(BG16,BG$3:BG$10000,0) -> 14 | BI16: =IFERROR(_xlfn.XLOOKUP(B16,'w10'!$B:$B,'w10'!$F:$F),1) -> 0.25625 | BJ16: =_xlfn.RANK.EQ(BI16,BI$3:BI$10000,1) -> 24 | BK16: =IFERROR(IF(_xlfn.XLOOKUP(B16,'w10'!$B:$B,'w10'!$G:$G)="--",0,_xlfn.XLOOKUP(B16,'w10'!$B:$B,'w10'!$G:$G)),0) -> 72 | BL16: =_xlfn.RANK.EQ(BK16,BK$3:BK$10000,0) -> 63 | BM16: =IFERROR(_xlfn.XLOOKUP(B16,'w11'!$B:$B,'w11'!$C:$C),0) -> 44.8 | BN16: =_xlfn.RANK.EQ(BM16,BM$3:BM$10000,0) -> 12 | BO16: =IFERROR(_xlfn.XLOOKUP(B16,'w11'!$B:$B,'w11'!$F:$F),1) -> 0.25208333 | BP16: =_xlfn.RANK.EQ(BO16,BO$3:BO$10000,1) -> 21 | BQ16: =IFERROR(IF(_xlfn.XLOOKUP(B16,'w11'!$B:$B,'w11'!$G:$G)="--",0,_xlfn.XLOOKUP(B16,'w11'!$B:$B,'w11'!$G:$G)),0) -> 287 | BR16: =_xlfn.RANK.EQ(BQ16,BQ$3:BQ$10000,0) -> 30 | BS16: =IFERROR(_xlfn.XLOOKUP(B16,'w12'!$B:$B,'w12'!$C:$C),0) -> 23.4 | BT16: =_xlfn.RANK.EQ(BS16,BS$3:BS$10000,0) -> 22 | BU16: =IFERROR(_xlfn.XLOOKUP(B16,'w12'!$B:$B,'w12'!$F:$F),1) -> 0.26736111 | BV16: =_xlfn.RANK.EQ(BU16,BU$3:BU$10000,1) -> 30 | BW16: =IFERROR(IF(_xlfn.XLOOKUP(B16,'w12'!$B:$B,'w12'!$G:$G)="--",0,_xlfn.XLOOKUP(B16,'w12'!$B:$B,'w12'!$G:$G)),0) -> 152 | BX16: =_xlfn.RANK.EQ(BW16,BW$3:BW$10000,0) -> 47 | BY16: =IFERROR(_xlfn.XLOOKUP(B16,'w13'!$B:$B,'w13'!$C:$C),0) -> 48.3 | BZ16: =_xlfn.RANK.EQ(BY16,BY$3:BY$10000,0) -> 9 | CA16: =IFERROR(_xlfn.XLOOKUP(B16,'w13'!$B:$B,'w13'!$F:$F),1) -> 0.26805556 | CB16: =_xlfn.RANK.EQ(CA16,CA$3:CA$10000,1) -> 33 | CC16: =IFERROR(IF(_xlfn.XLOOKUP(B16,'w13'!$B:$B,'w13'!$G:$G)="--",0,_xlfn.XLOOKUP(B16,'w13'!$B:$B,'w13'!$G:$G)),0) -> 262 | CD16: =_xlfn.RANK.EQ(CC16,CC$3:CC$10000,0) -> 27 | CE16: =IFERROR(_xlfn.XLOOKUP(B16,'w14'!$B:$B,'w14'!$C:$C),0) -> 69.4 | CF16: =_xlfn.RANK.EQ(CE16,CE$3:CE$10000,0) -> 4 | CG16: =IFERROR(_xlfn.XLOOKUP(B16,'w14'!$B:$B,'w14'!$F:$F),1) -> 0.26666667 | CH16: =_xlfn.RANK.EQ(CG16,CG$3:CG$10000,1) -> 28 | CI16: =IFERROR(IF(_xlfn.XLOOKUP(B16,'w14'!$B:$B,'w14'!$G:$G)="--",0,_xlfn.XLOOKUP(B16,'w14'!$B:$B,'w14'!$G:$G)),0) -> 177 | CJ16: =_xlfn.RANK.EQ(CI16,CI$3:CI$10000,0) -> 38 | CK16: =_xlfn.RANK.EQ(D16,D$3:D$10000,1) -> 14 | CL16: Ana Rute Matos | CM16: =SUM(E16,K16,Q16,W16,AC16,AI16,AO16,AU16,BA16,BG16,BM16,BS16,BY16,CE16) -> 551.2 | CN16: =_xlfn.RANK.EQ(CM16,CM$3:CM$10000) -> 14 | CO16: =IFERROR(SUM(PRODUCT(E16,G16),PRODUCT(K16,M16),PRODUCT(Q16,S16),PRODUCT(W16,Y16),PRODUCT(AC16,AE16),PRODUCT(AI16,AK16),PRODUCT(AO16,AQ16),PRODUCT(AU16,AW16),PRODUCT(BA16,BC16),PRODUCT(BG16,BI16),PRODUCT(BM16,BO16),PRODUCT(BS16,BU16),PRODUCT(BY16,CA16),PRODUCT(CE16,CG16))/CM16,1) -> 0.25966754 | CP16: =_xlfn.RANK.EQ(CO16,CO$3:CO$10000,1) -> 27 | CQ16: =SUM(I16,O16,U16,AA16,AG16,AM16,AS16,AY16,BE16,BK16,BQ16,BW16,CC16,CI16) -> 2423 | CR16: =_xlfn.RANK.EQ(CQ16,CQ$3:CQ$10000) -> 49 | CS16: =_xlfn.RANK.EQ(CT16,CT$3:CT$10000,1) -> 10 | CT16: =CV16*$CN$1+CX16*$CP$1+CZ16*$CR$1 -> 40.5 | CU16: =_xlfn.STDEV.S(F16,L16,R16,X16,AD16,AJ16,AP16,AV16,BB16,BH16,BN16,BT16,BZ16,CF16) -> 11.903458 | CV16: =_xlfn.RANK.EQ(CU16,CU$3:CU$10000,1) -> 41 | CW16: =_xlfn.STDEV.S(H16,N16,T16,Z16,AF16,AL16,AR16,AX16,BD16,BJ16,BP16,BV16,CB16,CH16) -> 9.6684033 | CX16: =_xlfn.RANK.EQ(CW16,CW$3:CW$10000,1) -> 24 | CY16: =_xlfn.STDEV.S(J16,P16,V16,AB16,AH16,AN16,AT16,AZ16,BF16,BL16,BR16,BX16,CD16,CJ16) -> 12.638029 | CZ16: =_xlfn.RANK.EQ(CY16,CY$3:CY$10000,1) -> 38 | DA16: =SUM(COUNTIF(E16,">0"),COUNTIF(K16,">0"),COUNTIF(Q16,">0"),COUNTIF(W16,">0"),COUNTIF(AC16,">0"),COUNTIF(AI16,">0"),COUNTIF(AO16,">0"),COUNTIF(AU16,">0"),COUNTIF(BA16,">0"),COUNTIF(BG16,">0"),COUNTIF(BM16,">0"),COUNTIF(BS16,">0"),COUNTIF(BY16,">0"),COUNTIF(CE16,">0")) -> 14
B17: Rita Vicente Rita Vicente | C17: Rita Vicente | D17: =CN17*$CN$1+CP17*$CP$1+CR17*$CR$1 -> 15.95 | E17: =IFERROR(_xlfn.XLOOKUP(B17,'w1'!$B:$B,'w1'!$C:$C),0) -> 26.2 | F17: =_xlfn.RANK.EQ(E17,E$3:E$10000,0) -> 29 | G17: =IFERROR(_xlfn.XLOOKUP(B17,'w1'!$B:$B,'w1'!$F:$F),1) -> 0.26041667 | H17: =_xlfn.RANK.EQ(G17,G$3:G$10000,1) -> 27 | I17: =IFERROR(IF(_xlfn.XLOOKUP(B17,'w1'!$B:$B,'w1'!$G:$G)="--",0,_xlfn.XLOOKUP(B17,'w1'!$B:$B,'w1'!$G:$G)),0) -> 350 | J17: =_xlfn.RANK.EQ(I17,I$3:I$10000,0) -> 25 | K17: =IFERROR(_xlfn.XLOOKUP(B17,'w2'!$B:$B,'w2'!$C:$C),0) -> 30.8 | L17: =_xlfn.RANK.EQ(K17,K$3:K$10000,0) -> 28 | M17: =IFERROR(_xlfn.XLOOKUP(B17,'w2'!$B:$B,'w2'!$F:$F),1) -> 0.29236111 | N17: =_xlfn.RANK.EQ(M17,M$3:M$10000,1) -> 45 | O17: =IFERROR(IF(_xlfn.XLOOKUP(B17,'w2'!$B:$B,'w2'!$G:$G)="--",0,_xlfn.XLOOKUP(B17,'w2'!$B:$B,'w2'!$G:$G)),0) -> 440 | P17: =_xlfn.RANK.EQ(O17,O$3:O$10000,0) -> 23 | Q17: =IFERROR(_xlfn.XLOOKUP(B17,'w3'!$B:$B,'w3'!$C:$C),0) -> 53.5 | R17: =_xlfn.RANK.EQ(Q17,Q$3:Q$10000,0) -> 9 | S17: =IFERROR(_xlfn.XLOOKUP(B17,'w3'!$B:$B,'w3'!$F:$F),1) -> 0.29930556 | T17: =_xlfn.RANK.EQ(S17,S$3:S$10000,1) -> 52 | U17: =IFERROR(IF(_xlfn.XLOOKUP(B17,'w3'!$B:$B,'w3'!$G:$G)="--",0,_xlfn.XLOOKUP(B17,'w3'!$B:$B,'w3'!$G:$G)),0) -> 1256 | V17: =_xlfn.RANK.EQ(U17,U$3:U$10000,0) -> 8 | W17: =IFERROR(_xlfn.XLOOKUP(B17,'w4'!$B:$B,'w4'!$C:$C),0) -> 64.2 | X17: =_xlfn.RANK.EQ(W17,W$3:W$10000,0) -> 4 | Y17: =IFERROR(_xlfn.XLOOKUP(B17,'w4'!$B:$B,'w4'!$F:$F),1) -> 0.30277778 | Z17: =_xlfn.RANK.EQ(Y17,Y$3:Y$10000,1) -> 51 | AA17: =IFERROR(IF(_xlfn.XLOOKUP(B17,'w4'!$B:$B,'w4'!$G:$G)="--",0,_xlfn.XLOOKUP(B17,'w4'!$B:$B,'w4'!$G:$G)),0) -> 1558 | AB17: =_xlfn.RANK.EQ(AA17,AA$3:AA$10000,0) -> 7 | AC17: =IFERROR(_xlfn.XLOOKUP(B17,'w5'!$B:$B,'w5'!$C:$C),0) -> 47.5 | AD17: =_xlfn.RANK.EQ(AC17,AC$3:AC$10000,0) -> 11 | AE17: =IFERROR(_xlfn.XLOOKUP(B17,'w5'!$B:$B,'w5'!$F:$F),1) -> 0.32569444 | AF17: =_xlfn.RANK.EQ(AE17,AE$3:AE$10000,1) -> 51 | AG17: =IFERROR(IF(_xlfn.XLOOKUP(B17,'w5'!$B:$B,'w5'!$G:$G)="--",0,_xlfn.XLOOKUP(B17,'w5'!$B:$B,'w5'!$G:$G)),0) -> 1136 | AH17: =_xlfn.RANK.EQ(AG17,AG$3:AG$10000,0) -> 11 | AI17: =IFERROR(_xlfn.XLOOKUP(B17,'w6'!$B:$B,'w6'!$C:$C),0) -> 40.6 | AJ17: =_xlfn.RANK.EQ(AI17,AI$3:AI$10000,0) -> 9 | AK17: =IFERROR(_xlfn.XLOOKUP(B17,'w6'!$B:$B,'w6'!$F:$F),1) -> 0.31111111 | AL17: =_xlfn.RANK.EQ(AK17,AK$3:AK$10000,1) -> 41 | AM17: =IFERROR(IF(_xlfn.XLOOKUP(B17,'w6'!$B:$B,'w6'!$G:$G)="--",0,_xlfn.XLOOKUP(B17,'w6'!$B:$B,'w6'!$G:$G)),0) -> 1107 | AN17: =_xlfn.RANK.EQ(AM17,AM$3:AM$10000,0) -> 4 | AO17: =IFERROR(_xlfn.XLOOKUP(B17,'w7'!$B:$B,'w7'!$C:$C),0) -> 35.4 | AP17: =_xlfn.RANK.EQ(AO17,AO$3:AO$10000,0) -> 21 | AQ17: =IFERROR(_xlfn.XLOOKUP(B17,'w7'!$B:$B,'w7'!$F:$F),1) -> 0.25694444 | AR17: =_xlfn.RANK.EQ(AQ17,AQ$3:AQ$10000,1) -> 27 | AS17: =IFERROR(IF(_xlfn.XLOOKUP(B17,'w7'!$B:$B,'w7'!$G:$G)="--",0,_xlfn.XLOOKUP(B17,'w7'!$B:$B,'w7'!$G:$G)),0) -> 358 | AT17: =_xlfn.RANK.EQ(AS17,AS$3:AS$10000,0) -> 25 | AU17: =IFERROR(_xlfn.XLOOKUP(B17,'w8'!$B:$B,'w8'!$C:$C),0) -> 37.4 | AV17: =_xlfn.RANK.EQ(AU17,AU$3:AU$10000,0) -> 25 | AW17: =IFERROR(_xlfn.XLOOKUP(B17,'w8'!$B:$B,'w8'!$F:$F),1) -> 0.28958333 | AX17: =_xlfn.RANK.EQ(AW17,AW$3:AW$10000,1) -> 42 | AY17: =IFERROR(IF(_xlfn.XLOOKUP(B17,'w8'!$B:$B,'w8'!$G:$G)="--",0,_xlfn.XLOOKUP(B17,'w8'!$B:$B,'w8'!$G:$G)),0) -> 1113 | AZ17: =_xlfn.RANK.EQ(AY17,AY$3:AY$10000,0) -> 13 | BA17: =IFERROR(_xlfn.XLOOKUP(C17,'w9'!$B:$B,'w9'!$C:$C),0) -> 26.6 | BB17: =_xlfn.RANK.EQ(BA17,BA$3:BA$10000,0) -> 42 | BC17: =IFERROR(_xlfn.XLOOKUP(C17,'w9'!$B:$B,'w9'!$F:$F),1) -> 0.27708333 | BD17: =_xlfn.RANK.EQ(BC17,BC$3:BC$10000,1) -> 27 | BE17: =IFERROR(IF(_xlfn.XLOOKUP(C17,'w9'!$B:$B,'w9'!$G:$G)="--",0,_xlfn.XLOOKUP(C17,'w9'!$B:$B,'w9'!$G:$G)),0) -> 357 | BF17: =_xlfn.RANK.EQ(BE17,BE$3:BE$10000,0) -> 41 | BG17: =IFERROR(_xlfn.XLOOKUP(B17,'w10'!$B:$B,'w10'!$C:$C),0) -> 46.3 | BH17: =_xlfn.RANK.EQ(BG17,BG$3:BG$10000,0) -> 15 | BI17: =IFERROR(_xlfn.XLOOKUP(B17,'w10'!$B:$B,'w10'!$F:$F),1) -> 0.32708333 | BJ17: =_xlfn.RANK.EQ(BI17,BI$3:BI$10000,1) -> 61 | BK17: =IFERROR(IF(_xlfn.XLOOKUP(B17,'w10'!$B:$B,'w10'!$G:$G)="--",0,_xlfn.XLOOKUP(B17,'w10'!$B:$B,'w10'!$G:$G)),0) -> 1330 | BL17: =_xlfn.RANK.EQ(BK17,BK$3:BK$10000,0) -> 7 | BM17: =IFERROR(_xlfn.XLOOKUP(B17,'w11'!$B:$B,'w11'!$C:$C),0) -> 43.1 | BN17: =_xlfn.RANK.EQ(BM17,BM$3:BM$10000,0) -> 15 | BO17: =IFERROR(_xlfn.XLOOKUP(B17,'w11'!$B:$B,'w11'!$F:$F),1) -> 0.29236111 | BP17: =_xlfn.RANK.EQ(BO17,BO$3:BO$10000,1) -> 48 | BQ17: =IFERROR(IF(_xlfn.XLOOKUP(B17,'w11'!$B:$B,'w11'!$G:$G)="--",0,_xlfn.XLOOKUP(B17,'w11'!$B:$B,'w11'!$G:$G)),0) -> 725 | BR17: =_xlfn.RANK.EQ(BQ17,BQ$3:BQ$10000,0) -> 11 | BS17: =IFERROR(_xlfn.XLOOKUP(B17,'w12'!$B:$B,'w12'!$C:$C),0) -> 27.1 | BT17: =_xlfn.RANK.EQ(BS17,BS$3:BS$10000,0) -> 20 | BU17: =IFERROR(_xlfn.XLOOKUP(B17,'w12'!$B:$B,'w12'!$F:$F),1) -> 0.25 | BV17: =_xlfn.RANK.EQ(BU17,BU$3:BU$10000,1) -> 17 | BW17: =IFERROR(IF(_xlfn.XLOOKUP(B17,'w12'!$B:$B,'w12'!$G:$G)="--",0,_xlfn.XLOOKUP(B17,'w12'!$B:$B,'w12'!$G:$G)),0) -> 252 | BX17: =_xlfn.RANK.EQ(BW17,BW$3:BW$10000,0) -> 28 | BY17: =IFERROR(_xlfn.XLOOKUP(B17,'w13'!$B:$B,'w13'!$C:$C),0) -> 18 | BZ17: =_xlfn.RANK.EQ(BY17,BY$3:BY$10000,0) -> 44 | CA17: =IFERROR(_xlfn.XLOOKUP(B17,'w13'!$B:$B,'w13'!$F:$F),1) -> 0.36666667 | CB17: =_xlfn.RANK.EQ(CA17,CA$3:CA$10000,1) -> 65 | CC17: =IFERROR(IF(_xlfn.XLOOKUP(B17,'w13'!$B:$B,'w13'!$G:$G)="--",0,_xlfn.XLOOKUP(B17,'w13'!$B:$B,'w13'!$G:$G)),0) -> 295 | CD17: =_xlfn.RANK.EQ(CC17,CC$3:CC$10000,0) -> 25 | CE17: =IFERROR(_xlfn.XLOOKUP(B17,'w14'!$B:$B,'w14'!$C:$C),0) -> 47.7 | CF17: =_xlfn.RANK.EQ(CE17,CE$3:CE$10000,0) -> 14 | CG17: =IFERROR(_xlfn.XLOOKUP(B17,'w14'!$B:$B,'w14'!$F:$F),1) -> 0.28819444 | CH17: =_xlfn.RANK.EQ(CG17,CG$3:CG$10000,1) -> 39 | CI17: =IFERROR(IF(_xlfn.XLOOKUP(B17,'w14'!$B:$B,'w14'!$G:$G)="--",0,_xlfn.XLOOKUP(B17,'w14'!$B:$B,'w14'!$G:$G)),0) -> 744 | CJ17: =_xlfn.RANK.EQ(CI17,CI$3:CI$10000,0) -> 14 | CK17: =_xlfn.RANK.EQ(D17,D$3:D$10000,1) -> 15 | CL17: Rita Vicente | CM17: =SUM(E17,K17,Q17,W17,AC17,AI17,AO17,AU17,BA17,BG17,BM17,BS17,BY17,CE17) -> 544.4 | CN17: =_xlfn.RANK.EQ(CM17,CM$3:CM$10000) -> 15 | CO17: =IFERROR(SUM(PRODUCT(E17,G17),PRODUCT(K17,M17),PRODUCT(Q17,S17),PRODUCT(W17,Y17),PRODUCT(AC17,AE17),PRODUCT(AI17,AK17),PRODUCT(AO17,AQ17),PRODUCT(AU17,AW17),PRODUCT(BA17,BC17),PRODUCT(BG17,BI17),PRODUCT(BM17,BO17),PRODUCT(BS17,BU17),PRODUCT(BY17,CA17),PRODUCT(CE17,CG17))/CM17,1) -> 0.29673711 | CP17: =_xlfn.RANK.EQ(CO17,CO$3:CO$10000,1) -> 57 | CQ17: =SUM(I17,O17,U17,AA17,AG17,AM17,AS17,AY17,BE17,BK17,BQ17,BW17,CC17,CI17) -> 11021 | CR17: =_xlfn.RANK.EQ(CQ17,CQ$3:CQ$10000) -> 11 | CS17: =_xlfn.RANK.EQ(CT17,CT$3:CT$10000,1) -> 12 | CT17: =CV17*$CN$1+CX17*$CP$1+CZ17*$CR$1 -> 41.875 | CU17: =_xlfn.STDEV.S(F17,L17,R17,X17,AD17,AJ17,AP17,AV17,BB17,BH17,BN17,BT17,BZ17,CF17) -> 12.068486 | CV17: =_xlfn.RANK.EQ(CU17,CU$3:CU$10000,1) -> 42 | CW17: =_xlfn.STDEV.S(H17,N17,T17,Z17,AF17,AL17,AR17,AX17,BD17,BJ17,BP17,BV17,CB17,CH17) -> 13.881959 | CX17: =_xlfn.RANK.EQ(CW17,CW$3:CW$10000,1) -> 48 | CY17: =_xlfn.STDEV.S(J17,P17,V17,AB17,AH17,AN17,AT17,AZ17,BF17,BL17,BR17,BX17,CD17,CJ17) -> 10.636863 | CZ17: =_xlfn.RANK.EQ(CY17,CY$3:CY$10000,1) -> 31 | DA17: =SUM(COUNTIF(E17,">0"),COUNTIF(K17,">0"),COUNTIF(Q17,">0"),COUNTIF(W17,">0"),COUNTIF(AC17,">0"),COUNTIF(AI17,">0"),COUNTIF(AO17,">0"),COUNTIF(AU17,">0"),COUNTIF(BA17,">0"),COUNTIF(BG17,">0"),COUNTIF(BM17,">0"),COUNTIF(BS17,">0"),COUNTIF(BY17,">0"),COUNTIF(CE17,">0")) -> 14
A18: ? | B18: Alexandre Jorge Alexandre Jorge | C18: Alexandre Jorge | D18: =CN18*$CN$1+CP18*$CP$1+CR18*$CR$1 -> 16.275 | E18: =IFERROR(_xlfn.XLOOKUP(B18,'w1'!$B:$B,'w1'!$C:$C),0) -> 51.2 | F18: =_xlfn.RANK.EQ(E18,E$3:E$10000,0) -> 11 | G18: =IFERROR(_xlfn.XLOOKUP(B18,'w1'!$B:$B,'w1'!$F:$F),1) -> 0.24097222 | H18: =_xlfn.RANK.EQ(G18,G$3:G$10000,1) -> 12 | I18: =IFERROR(IF(_xlfn.XLOOKUP(B18,'w1'!$B:$B,'w1'!$G:$G)="--",0,_xlfn.XLOOKUP(B18,'w1'!$B:$B,'w1'!$G:$G)),0) -> 275 | J18: =_xlfn.RANK.EQ(I18,I$3:I$10000,0) -> 34 | K18: =IFERROR(_xlfn.XLOOKUP(B18,'w2'!$B:$B,'w2'!$C:$C),0) -> 47 | L18: =_xlfn.RANK.EQ(K18,K$3:K$10000,0) -> 11 | M18: =IFERROR(_xlfn.XLOOKUP(B18,'w2'!$B:$B,'w2'!$F:$F),1) -> 0.24097222 | N18: =_xlfn.RANK.EQ(M18,M$3:M$10000,1) -> 10 | O18: =IFERROR(IF(_xlfn.XLOOKUP(B18,'w2'!$B:$B,'w2'!$G:$G)="--",0,_xlfn.XLOOKUP(B18,'w2'!$B:$B,'w2'!$G:$G)),0) -> 302 | P18: =_xlfn.RANK.EQ(O18,O$3:O$10000,0) -> 31 | Q18: =IFERROR(_xlfn.XLOOKUP(B18,'w3'!$B:$B,'w3'!$C:$C),0) -> 40 | R18: =_xlfn.RANK.EQ(Q18,Q$3:Q$10000,0) -> 19 | S18: =IFERROR(_xlfn.XLOOKUP(B18,'w3'!$B:$B,'w3'!$F:$F),1) -> 0.23819444 | T18: =_xlfn.RANK.EQ(S18,S$3:S$10000,1) -> 10 | U18: =IFERROR(IF(_xlfn.XLOOKUP(B18,'w3'!$B:$B,'w3'!$G:$G)="--",0,_xlfn.XLOOKUP(B18,'w3'!$B:$B,'w3'!$G:$G)),0) -> 244 | V18: =_xlfn.RANK.EQ(U18,U$3:U$10000,0) -> 32 | W18: =IFERROR(_xlfn.XLOOKUP(B18,'w4'!$B:$B,'w4'!$C:$C),0) -> 36 | X18: =_xlfn.RANK.EQ(W18,W$3:W$10000,0) -> 18 | Y18: =IFERROR(_xlfn.XLOOKUP(B18,'w4'!$B:$B,'w4'!$F:$F),1) -> 0.24305556 | Z18: =_xlfn.RANK.EQ(Y18,Y$3:Y$10000,1) -> 15 | AA18: =IFERROR(IF(_xlfn.XLOOKUP(B18,'w4'!$B:$B,'w4'!$G:$G)="--",0,_xlfn.XLOOKUP(B18,'w4'!$B:$B,'w4'!$G:$G)),0) -> 275 | AB18: =_xlfn.RANK.EQ(AA18,AA$3:AA$10000,0) -> 31 | AC18: =IFERROR(_xlfn.XLOOKUP(B18,'w5'!$B:$B,'w5'!$C:$C),0) -> 56 | AD18: =_xlfn.RANK.EQ(AC18,AC$3:AC$10000,0) -> 6 | AE18: =IFERROR(_xlfn.XLOOKUP(B18,'w5'!$B:$B,'w5'!$F:$F),1) -> 0.25277778 | AF18: =_xlfn.RANK.EQ(AE18,AE$3:AE$10000,1) -> 21 | AG18: =IFERROR(IF(_xlfn.XLOOKUP(B18,'w5'!$B:$B,'w5'!$G:$G)="--",0,_xlfn.XLOOKUP(B18,'w5'!$B:$B,'w5'!$G:$G)),0) -> 268 | AH18: =_xlfn.RANK.EQ(AG18,AG$3:AG$10000,0) -> 37 | AI18: =IFERROR(_xlfn.XLOOKUP(B18,'w6'!$B:$B,'w6'!$C:$C),0) -> 26 | AJ18: =_xlfn.RANK.EQ(AI18,AI$3:AI$10000,0) -> 23 | AK18: =IFERROR(_xlfn.XLOOKUP(B18,'w6'!$B:$B,'w6'!$F:$F),1) -> 0.24861111 | AL18: =_xlfn.RANK.EQ(AK18,AK$3:AK$10000,1) -> 13 | AM18: =IFERROR(IF(_xlfn.XLOOKUP(B18,'w6'!$B:$B,'w6'!$G:$G)="--",0,_xlfn.XLOOKUP(B18,'w6'!$B:$B,'w6'!$G:$G)),0) -> 269 | AN18: =_xlfn.RANK.EQ(AM18,AM$3:AM$10000,0) -> 30 | AO18: =IFERROR(_xlfn.XLOOKUP(B18,'w7'!$B:$B,'w7'!$C:$C),0) -> 59 | AP18: =_xlfn.RANK.EQ(AO18,AO$3:AO$10000,0) -> 6 | AQ18: =IFERROR(_xlfn.XLOOKUP(B18,'w7'!$B:$B,'w7'!$F:$F),1) -> 0.24236111 | AR18: =_xlfn.RANK.EQ(AQ18,AQ$3:AQ$10000,1) -> 16 | AS18: =IFERROR(IF(_xlfn.XLOOKUP(B18,'w7'!$B:$B,'w7'!$G:$G)="--",0,_xlfn.XLOOKUP(B18,'w7'!$B:$B,'w7'!$G:$G)),0) -> 365 | AT18: =_xlfn.RANK.EQ(AS18,AS$3:AS$10000,0) -> 24 | AU18: =IFERROR(_xlfn.XLOOKUP(B18,'w8'!$B:$B,'w8'!$C:$C),0) -> 51.3 | AV18: =_xlfn.RANK.EQ(AU18,AU$3:AU$10000,0) -> 14 | AW18: =IFERROR(_xlfn.XLOOKUP(B18,'w8'!$B:$B,'w8'!$F:$F),1) -> 0.22708333 | AX18: =_xlfn.RANK.EQ(AW18,AW$3:AW$10000,1) -> 7 | AY18: =IFERROR(IF(_xlfn.XLOOKUP(B18,'w8'!$B:$B,'w8'!$G:$G)="--",0,_xlfn.XLOOKUP(B18,'w8'!$B:$B,'w8'!$G:$G)),0) -> 188 | AZ18: =_xlfn.RANK.EQ(AY18,AY$3:AY$10000,0) -> 39 | BA18: =IFERROR(_xlfn.XLOOKUP(C18,'w9'!$B:$B,'w9'!$C:$C),0) -> 15.6 | BB18: =_xlfn.RANK.EQ(BA18,BA$3:BA$10000,0) -> 58 | BC18: =IFERROR(_xlfn.XLOOKUP(C18,'w9'!$B:$B,'w9'!$F:$F),1) -> 0.37569444 | BD18: =_xlfn.RANK.EQ(BC18,BC$3:BC$10000,1) -> 68 | BE18: =IFERROR(IF(_xlfn.XLOOKUP(C18,'w9'!$B:$B,'w9'!$G:$G)="--",0,_xlfn.XLOOKUP(C18,'w9'!$B:$B,'w9'!$G:$G)),0) -> 776 | BF18: =_xlfn.RANK.EQ(BE18,BE$3:BE$10000,0) -> 14 | BG18: =IFERROR(_xlfn.XLOOKUP(B18,'w10'!$B:$B,'w10'!$C:$C),0) -> 49 | BH18: =_xlfn.RANK.EQ(BG18,BG$3:BG$10000,0) -> 12 | BI18: =IFERROR(_xlfn.XLOOKUP(B18,'w10'!$B:$B,'w10'!$F:$F),1) -> 0.23194444 | BJ18: =_xlfn.RANK.EQ(BI18,BI$3:BI$10000,1) -> 10 | BK18: =IFERROR(IF(_xlfn.XLOOKUP(B18,'w10'!$B:$B,'w10'!$G:$G)="--",0,_xlfn.XLOOKUP(B18,'w10'!$B:$B,'w10'!$G:$G)),0) -> 350 | BL18: =_xlfn.RANK.EQ(BK18,BK$3:BK$10000,0) -> 21 | BM18: =IFERROR(_xlfn.XLOOKUP(B18,'w11'!$B:$B,'w11'!$C:$C),0) -> 13 | BN18: =_xlfn.RANK.EQ(BM18,BM$3:BM$10000,0) -> 57 | BO18: =IFERROR(_xlfn.XLOOKUP(B18,'w11'!$B:$B,'w11'!$F:$F),1) -> 0.23333333 | BP18: =_xlfn.RANK.EQ(BO18,BO$3:BO$10000,1) -> 14 | BQ18: =IFERROR(IF(_xlfn.XLOOKUP(B18,'w11'!$B:$B,'w11'!$G:$G)="--",0,_xlfn.XLOOKUP(B18,'w11'!$B:$B,'w11'!$G:$G)),0) -> 53 | BR18: =_xlfn.RANK.EQ(BQ18,BQ$3:BQ$10000,0) -> 68 | BS18: =IFERROR(_xlfn.XLOOKUP(B18,'w12'!$B:$B,'w12'!$C:$C),0) -> 33 | BT18: =_xlfn.RANK.EQ(BS18,BS$3:BS$10000,0) -> 19 | BU18: =IFERROR(_xlfn.XLOOKUP(B18,'w12'!$B:$B,'w12'!$F:$F),1) -> 0.25069444 | BV18: =_xlfn.RANK.EQ(BU18,BU$3:BU$10000,1) -> 18 | BW18: =IFERROR(IF(_xlfn.XLOOKUP(B18,'w12'!$B:$B,'w12'!$G:$G)="--",0,_xlfn.XLOOKUP(B18,'w12'!$B:$B,'w12'!$G:$G)),0) -> 277 | BX18: =_xlfn.RANK.EQ(BW18,BW$3:BW$10000,0) -> 24 | BY18: =IFERROR(_xlfn.XLOOKUP(B18,'w13'!$B:$B,'w13'!$C:$C),0) -> 34 | BZ18: =_xlfn.RANK.EQ(BY18,BY$3:BY$10000,0) -> 20 | CA18: =IFERROR(_xlfn.XLOOKUP(B18,'w13'!$B:$B,'w13'!$F:$F),1) -> 0.23333333 | CB18: =_xlfn.RANK.EQ(CA18,CA$3:CA$10000,1) -> 15 | CC18: =IFERROR(IF(_xlfn.XLOOKUP(B18,'w13'!$B:$B,'w13'!$G:$G)="--",0,_xlfn.XLOOKUP(B18,'w13'!$B:$B,'w13'!$G:$G)),0) -> 311 | CD18: =_xlfn.RANK.EQ(CC18,CC$3:CC$10000,0) -> 23 | CE18: =IFERROR(_xlfn.XLOOKUP(B18,'w14'!$B:$B,'w14'!$C:$C),0) -> 32 | CF18: =_xlfn.RANK.EQ(CE18,CE$3:CE$10000,0) -> 32 | CG18: =IFERROR(_xlfn.XLOOKUP(B18,'w14'!$B:$B,'w14'!$F:$F),1) -> 0.27152778 | CH18: =_xlfn.RANK.EQ(CG18,CG$3:CG$10000,1) -> 30 | CI18: =IFERROR(IF(_xlfn.XLOOKUP(B18,'w14'!$B:$B,'w14'!$G:$G)="--",0,_xlfn.XLOOKUP(B18,'w14'!$B:$B,'w14'!$G:$G)),0) -> 374 | CJ18: =_xlfn.RANK.EQ(CI18,CI$3:CI$10000,0) -> 23 | CK18: =_xlfn.RANK.EQ(D18,D$3:D$10000,1) -> 16 | CL18: Alexandre Jorge | CM18: =SUM(E18,K18,Q18,W18,AC18,AI18,AO18,AU18,BA18,BG18,BM18,BS18,BY18,CE18) -> 543.1 | CN18: =_xlfn.RANK.EQ(CM18,CM$3:CM$10000) -> 16 | CO18: =IFERROR(SUM(PRODUCT(E18,G18),PRODUCT(K18,M18),PRODUCT(Q18,S18),PRODUCT(W18,Y18),PRODUCT(AC18,AE18),PRODUCT(AI18,AK18),PRODUCT(AO18,AQ18),PRODUCT(AU18,AW18),PRODUCT(BA18,BC18),PRODUCT(BG18,BI18),PRODUCT(BM18,BO18),PRODUCT(BS18,BU18),PRODUCT(BY18,CA18),PRODUCT(CE18,CG18))/CM18,1) -> 0.24611298 | CP18: =_xlfn.RANK.EQ(CO18,CO$3:CO$10000,1) -> 15 | CQ18: =SUM(I18,O18,U18,AA18,AG18,AM18,AS18,AY18,BE18,BK18,BQ18,BW18,CC18,CI18) -> 4327 | CR18: =_xlfn.RANK.EQ(CQ18,CQ$3:CQ$10000) -> 28 | CS18: =_xlfn.RANK.EQ(CT18,CT$3:CT$10000,1) -> 23 | CT18: =CV18*$CN$1+CX18*$CP$1+CZ18*$CR$1 -> 65.05 | CU18: =_xlfn.STDEV.S(F18,L18,R18,X18,AD18,AJ18,AP18,AV18,BB18,BH18,BN18,BT18,BZ18,CF18) -> 16.589418 | CV18: =_xlfn.RANK.EQ(CU18,CU$3:CU$10000,1) -> 66 | CW18: =_xlfn.STDEV.S(H18,N18,T18,Z18,AF18,AL18,AR18,AX18,BD18,BJ18,BP18,BV18,CB18,CH18) -> 15.346009 | CX18: =_xlfn.RANK.EQ(CW18,CW$3:CW$10000,1) -> 55 | CY18: =_xlfn.STDEV.S(J18,P18,V18,AB18,AH18,AN18,AT18,AZ18,BF18,BL18,BR18,BX18,CD18,CJ18) -> 12.692691 | CZ18: =_xlfn.RANK.EQ(CY18,CY$3:CY$10000,1) -> 39 | DA18: =SUM(COUNTIF(E18,">0"),COUNTIF(K18,">0"),COUNTIF(Q18,">0"),COUNTIF(W18,">0"),COUNTIF(AC18,">0"),COUNTIF(AI18,">0"),COUNTIF(AO18,">0"),COUNTIF(AU18,">0"),COUNTIF(BA18,">0"),COUNTIF(BG18,">0"),COUNTIF(BM18,">0"),COUNTIF(BS18,">0"),COUNTIF(BY18,">0"),COUNTIF(CE18,">0")) -> 14
B19: Adalberto Grilo Adalberto Grilo | C19: Adalberto Grilo | D19: =CN19*$CN$1+CP19*$CP$1+CR19*$CR$1 -> 18.175 | E19: =IFERROR(_xlfn.XLOOKUP(B19,'w1'!$B:$B,'w1'!$C:$C),0) -> 54.7 | F19: =_xlfn.RANK.EQ(E19,E$3:E$10000,0) -> 9 | G19: =IFERROR(_xlfn.XLOOKUP(B19,'w1'!$B:$B,'w1'!$F:$F),1) -> 0.26736111 | H19: =_xlfn.RANK.EQ(G19,G$3:G$10000,1) -> 33 | I19: =IFERROR(IF(_xlfn.XLOOKUP(B19,'w1'!$B:$B,'w1'!$G:$G)="--",0,_xlfn.XLOOKUP(B19,'w1'!$B:$B,'w1'!$G:$G)),0) -> 463 | J19: =_xlfn.RANK.EQ(I19,I$3:I$10000,0) -> 22 | K19: =IFERROR(_xlfn.XLOOKUP(B19,'w2'!$B:$B,'w2'!$C:$C),0) -> 34 | L19: =_xlfn.RANK.EQ(K19,K$3:K$10000,0) -> 21 | M19: =IFERROR(_xlfn.XLOOKUP(B19,'w2'!$B:$B,'w2'!$F:$F),1) -> 0.27777778 | N19: =_xlfn.RANK.EQ(M19,M$3:M$10000,1) -> 35 | O19: =IFERROR(IF(_xlfn.XLOOKUP(B19,'w2'!$B:$B,'w2'!$G:$G)="--",0,_xlfn.XLOOKUP(B19,'w2'!$B:$B,'w2'!$G:$G)),0) -> 204 | P19: =_xlfn.RANK.EQ(O19,O$3:O$10000,0) -> 37 | Q19: =IFERROR(_xlfn.XLOOKUP(B19,'w3'!$B:$B,'w3'!$C:$C),0) -> 38 | R19: =_xlfn.RANK.EQ(Q19,Q$3:Q$10000,0) -> 21 | S19: =IFERROR(_xlfn.XLOOKUP(B19,'w3'!$B:$B,'w3'!$F:$F),1) -> 0.25833333 | T19: =_xlfn.RANK.EQ(S19,S$3:S$10000,1) -> 28 | U19: =IFERROR(IF(_xlfn.XLOOKUP(B19,'w3'!$B:$B,'w3'!$G:$G)="--",0,_xlfn.XLOOKUP(B19,'w3'!$B:$B,'w3'!$G:$G)),0) -> 162 | V19: =_xlfn.RANK.EQ(U19,U$3:U$10000,0) -> 41 | W19: =IFERROR(_xlfn.XLOOKUP(B19,'w4'!$B:$B,'w4'!$C:$C),0) -> 10.6 | X19: =_xlfn.RANK.EQ(W19,W$3:W$10000,0) -> 56 | Y19: =IFERROR(_xlfn.XLOOKUP(B19,'w4'!$B:$B,'w4'!$F:$F),1) -> 0.29027778 | Z19: =_xlfn.RANK.EQ(Y19,Y$3:Y$10000,1) -> 44 | AA19: =IFERROR(IF(_xlfn.XLOOKUP(B19,'w4'!$B:$B,'w4'!$G:$G)="--",0,_xlfn.XLOOKUP(B19,'w4'!$B:$B,'w4'!$G:$G)),0) -> 126 | AB19: =_xlfn.RANK.EQ(AA19,AA$3:AA$10000,0) -> 44 | AC19: =IFERROR(_xlfn.XLOOKUP(B19,'w5'!$B:$B,'w5'!$C:$C),0) -> 61 | AD19: =_xlfn.RANK.EQ(AC19,AC$3:AC$10000,0) -> 4 | AE19: =IFERROR(_xlfn.XLOOKUP(B19,'w5'!$B:$B,'w5'!$F:$F),1) -> 0.28402778 | AF19: =_xlfn.RANK.EQ(AE19,AE$3:AE$10000,1) -> 37 | AG19: =IFERROR(IF(_xlfn.XLOOKUP(B19,'w5'!$B:$B,'w5'!$G:$G)="--",0,_xlfn.XLOOKUP(B19,'w5'!$B:$B,'w5'!$G:$G)),0) -> 433 | AH19: =_xlfn.RANK.EQ(AG19,AG$3:AG$10000,0) -> 29 | AI19: =IFERROR(_xlfn.XLOOKUP(B19,'w6'!$B:$B,'w6'!$C:$C),0) -> 33.4 | AJ19: =_xlfn.RANK.EQ(AI19,AI$3:AI$10000,0) -> 14 | AK19: =IFERROR(_xlfn.XLOOKUP(B19,'w6'!$B:$B,'w6'!$F:$F),1) -> 0.27430556 | AL19: =_xlfn.RANK.EQ(AK19,AK$3:AK$10000,1) -> 27 | AM19: =IFERROR(IF(_xlfn.XLOOKUP(B19,'w6'!$B:$B,'w6'!$G:$G)="--",0,_xlfn.XLOOKUP(B19,'w6'!$B:$B,'w6'!$G:$G)),0) -> 154 | AN19: =_xlfn.RANK.EQ(AM19,AM$3:AM$10000,0) -> 42 | AO19: =IFERROR(_xlfn.XLOOKUP(B19,'w7'!$B:$B,'w7'!$C:$C),0) -> 32.4 | AP19: =_xlfn.RANK.EQ(AO19,AO$3:AO$10000,0) -> 23 | AQ19: =IFERROR(_xlfn.XLOOKUP(B19,'w7'!$B:$B,'w7'!$F:$F),1) -> 0.27222222 | AR19: =_xlfn.RANK.EQ(AQ19,AQ$3:AQ$10000,1) -> 32 | AS19: =IFERROR(IF(_xlfn.XLOOKUP(B19,'w7'!$B:$B,'w7'!$G:$G)="--",0,_xlfn.XLOOKUP(B19,'w7'!$B:$B,'w7'!$G:$G)),0) -> 88 | AT19: =_xlfn.RANK.EQ(AS19,AS$3:AS$10000,0) -> 55 | AU19: =IFERROR(_xlfn.XLOOKUP(B19,'w8'!$B:$B,'w8'!$C:$C),0) -> 23 | AV19: =_xlfn.RANK.EQ(AU19,AU$3:AU$10000,0) -> 42 | AW19: =IFERROR(_xlfn.XLOOKUP(B19,'w8'!$B:$B,'w8'!$F:$F),1) -> 0.25902778 | AX19: =_xlfn.RANK.EQ(AW19,AW$3:AW$10000,1) -> 22 | AY19: =IFERROR(IF(_xlfn.XLOOKUP(B19,'w8'!$B:$B,'w8'!$G:$G)="--",0,_xlfn.XLOOKUP(B19,'w8'!$B:$B,'w8'!$G:$G)),0) -> 0 | AZ19: =_xlfn.RANK.EQ(AY19,AY$3:AY$10000,0) -> 70 | BA19: =IFERROR(_xlfn.XLOOKUP(C19,'w9'!$B:$B,'w9'!$C:$C),0) -> 51.4 | BB19: =_xlfn.RANK.EQ(BA19,BA$3:BA$10000,0) -> 13 | BC19: =IFERROR(_xlfn.XLOOKUP(C19,'w9'!$B:$B,'w9'!$F:$F),1) -> 0.28055556 | BD19: =_xlfn.RANK.EQ(BC19,BC$3:BC$10000,1) -> 31 | BE19: =IFERROR(IF(_xlfn.XLOOKUP(C19,'w9'!$B:$B,'w9'!$G:$G)="--",0,_xlfn.XLOOKUP(C19,'w9'!$B:$B,'w9'!$G:$G)),0) -> 475 | BF19: =_xlfn.RANK.EQ(BE19,BE$3:BE$10000,0) -> 29 | BG19: =IFERROR(_xlfn.XLOOKUP(B19,'w10'!$B:$B,'w10'!$C:$C),0) -> 11.6 | BH19: =_xlfn.RANK.EQ(BG19,BG$3:BG$10000,0) -> 59 | BI19: =IFERROR(_xlfn.XLOOKUP(B19,'w10'!$B:$B,'w10'!$F:$F),1) -> 0.25902778 | BJ19: =_xlfn.RANK.EQ(BI19,BI$3:BI$10000,1) -> 26 | BK19: =IFERROR(IF(_xlfn.XLOOKUP(B19,'w10'!$B:$B,'w10'!$G:$G)="--",0,_xlfn.XLOOKUP(B19,'w10'!$B:$B,'w10'!$G:$G)),0) -> 27 | BL19: =_xlfn.RANK.EQ(BK19,BK$3:BK$10000,0) -> 71 | BM19: =IFERROR(_xlfn.XLOOKUP(B19,'w11'!$B:$B,'w11'!$C:$C),0) -> 41.9 | BN19: =_xlfn.RANK.EQ(BM19,BM$3:BM$10000,0) -> 16 | BO19: =IFERROR(_xlfn.XLOOKUP(B19,'w11'!$B:$B,'w11'!$F:$F),1) -> 0.28194444 | BP19: =_xlfn.RANK.EQ(BO19,BO$3:BO$10000,1) -> 43 | BQ19: =IFERROR(IF(_xlfn.XLOOKUP(B19,'w11'!$B:$B,'w11'!$G:$G)="--",0,_xlfn.XLOOKUP(B19,'w11'!$B:$B,'w11'!$G:$G)),0) -> 325 | BR19: =_xlfn.RANK.EQ(BQ19,BQ$3:BQ$10000,0) -> 27 | BS19: =IFERROR(_xlfn.XLOOKUP(B19,'w12'!$B:$B,'w12'!$C:$C),0) -> 50.6 | BT19: =_xlfn.RANK.EQ(BS19,BS$3:BS$10000,0) -> 7 | BU19: =IFERROR(_xlfn.XLOOKUP(B19,'w12'!$B:$B,'w12'!$F:$F),1) -> 0.26944444 | BV19: =_xlfn.RANK.EQ(BU19,BU$3:BU$10000,1) -> 35 | BW19: =IFERROR(IF(_xlfn.XLOOKUP(B19,'w12'!$B:$B,'w12'!$G:$G)="--",0,_xlfn.XLOOKUP(B19,'w12'!$B:$B,'w12'!$G:$G)),0) -> 170 | BX19: =_xlfn.RANK.EQ(BW19,BW$3:BW$10000,0) -> 44 | BY19: =IFERROR(_xlfn.XLOOKUP(B19,'w13'!$B:$B,'w13'!$C:$C),0) -> 28.4 | BZ19: =_xlfn.RANK.EQ(BY19,BY$3:BY$10000,0) -> 24 | CA19: =IFERROR(_xlfn.XLOOKUP(B19,'w13'!$B:$B,'w13'!$F:$F),1) -> 0.27430556 | CB19: =_xlfn.RANK.EQ(CA19,CA$3:CA$10000,1) -> 37 | CC19: =IFERROR(IF(_xlfn.XLOOKUP(B19,'w13'!$B:$B,'w13'!$G:$G)="--",0,_xlfn.XLOOKUP(B19,'w13'!$B:$B,'w13'!$G:$G)),0) -> 206 | CD19: =_xlfn.RANK.EQ(CC19,CC$3:CC$10000,0) -> 36 | CE19: =IFERROR(_xlfn.XLOOKUP(B19,'w14'!$B:$B,'w14'!$C:$C),0) -> 38.2 | CF19: =_xlfn.RANK.EQ(CE19,CE$3:CE$10000,0) -> 22 | CG19: =IFERROR(_xlfn.XLOOKUP(B19,'w14'!$B:$B,'w14'!$F:$F),1) -> 0.27222222 | CH19: =_xlfn.RANK.EQ(CG19,CG$3:CG$10000,1) -> 31 | CI19: =IFERROR(IF(_xlfn.XLOOKUP(B19,'w14'!$B:$B,'w14'!$G:$G)="--",0,_xlfn.XLOOKUP(B19,'w14'!$B:$B,'w14'!$G:$G)),0) -> 233 | CJ19: =_xlfn.RANK.EQ(CI19,CI$3:CI$10000,0) -> 36 | CK19: =_xlfn.RANK.EQ(D19,D$3:D$10000,1) -> 17 | CL19: Adalberto Grilo | CM19: =SUM(E19,K19,Q19,W19,AC19,AI19,AO19,AU19,BA19,BG19,BM19,BS19,BY19,CE19) -> 509.2 | CN19: =_xlfn.RANK.EQ(CM19,CM$3:CM$10000) -> 17 | CO19: =IFERROR(SUM(PRODUCT(E19,G19),PRODUCT(K19,M19),PRODUCT(Q19,S19),PRODUCT(W19,Y19),PRODUCT(AC19,AE19),PRODUCT(AI19,AK19),PRODUCT(AO19,AQ19),PRODUCT(AU19,AW19),PRODUCT(BA19,BC19),PRODUCT(BG19,BI19),PRODUCT(BM19,BO19),PRODUCT(BS19,BU19),PRODUCT(BY19,CA19),PRODUCT(CE19,CG19))/CM19,1) -> 0.27354606 | CP19: =_xlfn.RANK.EQ(CO19,CO$3:CO$10000,1) -> 39 | CQ19: =SUM(I19,O19,U19,AA19,AG19,AM19,AS19,AY19,BE19,BK19,BQ19,BW19,CC19,CI19) -> 3066 | CR19: =_xlfn.RANK.EQ(CQ19,CQ$3:CQ$10000) -> 42 | CS19: =_xlfn.RANK.EQ(CT19,CT$3:CT$10000,1) -> 26 | CT19: =CV19*$CN$1+CX19*$CP$1+CZ19*$CR$1 -> 72.8 | CU19: =_xlfn.STDEV.S(F19,L19,R19,X19,AD19,AJ19,AP19,AV19,BB19,BH19,BN19,BT19,BZ19,CF19) -> 17.081736 | CV19: =_xlfn.RANK.EQ(CU19,CU$3:CU$10000,1) -> 75 | CW19: =_xlfn.STDEV.S(H19,N19,T19,Z19,AF19,AL19,AR19,AX19,BD19,BJ19,BP19,BV19,CB19,CH19) -> 6.2074928 | CX19: =_xlfn.RANK.EQ(CW19,CW$3:CW$10000,1) -> 8 | CY19: =_xlfn.STDEV.S(J19,P19,V19,AB19,AH19,AN19,AT19,AZ19,BF19,BL19,BR19,BX19,CD19,CJ19) -> 14.835545 | CZ19: =_xlfn.RANK.EQ(CY19,CY$3:CY$10000,1) -> 54 | DA19: =SUM(COUNTIF(E19,">0"),COUNTIF(K19,">0"),COUNTIF(Q19,">0"),COUNTIF(W19,">0"),COUNTIF(AC19,">0"),COUNTIF(AI19,">0"),COUNTIF(AO19,">0"),COUNTIF(AU19,">0"),COUNTIF(BA19,">0"),COUNTIF(BG19,">0"),COUNTIF(BM19,">0"),COUNTIF(BS19,">0"),COUNTIF(BY19,">0"),COUNTIF(CE19,">0")) -> 14
B20: Fernando Rosete Fernando Rosete | C20: Fernando Rosete | D20: =CN20*$CN$1+CP20*$CP$1+CR20*$CR$1 -> 18.7 | E20: =IFERROR(_xlfn.XLOOKUP(B20,'w1'!$B:$B,'w1'!$C:$C),0) -> 17 | F20: =_xlfn.RANK.EQ(E20,E$3:E$10000,0) -> 49 | G20: =IFERROR(_xlfn.XLOOKUP(B20,'w1'!$B:$B,'w1'!$F:$F),1) -> 0.25972222 | H20: =_xlfn.RANK.EQ(G20,G$3:G$10000,1) -> 26 | I20: =IFERROR(IF(_xlfn.XLOOKUP(B20,'w1'!$B:$B,'w1'!$G:$G)="--",0,_xlfn.XLOOKUP(B20,'w1'!$B:$B,'w1'!$G:$G)),0) -> 31 | J20: =_xlfn.RANK.EQ(I20,I$3:I$10000,0) -> 72 | K20: =IFERROR(_xlfn.XLOOKUP(B20,'w2'!$B:$B,'w2'!$C:$C),0) -> 0 | L20: =_xlfn.RANK.EQ(K20,K$3:K$10000,0) -> 73 | M20: =IFERROR(_xlfn.XLOOKUP(B20,'w2'!$B:$B,'w2'!$F:$F),1) -> 1 | N20: =_xlfn.RANK.EQ(M20,M$3:M$10000,1) -> 72 | O20: =IFERROR(IF(_xlfn.XLOOKUP(B20,'w2'!$B:$B,'w2'!$G:$G)="--",0,_xlfn.XLOOKUP(B20,'w2'!$B:$B,'w2'!$G:$G)),0) -> 0 | P20: =_xlfn.RANK.EQ(O20,O$3:O$10000,0) -> 71 | Q20: =IFERROR(_xlfn.XLOOKUP(B20,'w3'!$B:$B,'w3'!$C:$C),0) -> 45.2 | R20: =_xlfn.RANK.EQ(Q20,Q$3:Q$10000,0) -> 15 | S20: =IFERROR(_xlfn.XLOOKUP(B20,'w3'!$B:$B,'w3'!$F:$F),1) -> 0.25277778 | T20: =_xlfn.RANK.EQ(S20,S$3:S$10000,1) -> 23 | U20: =IFERROR(IF(_xlfn.XLOOKUP(B20,'w3'!$B:$B,'w3'!$G:$G)="--",0,_xlfn.XLOOKUP(B20,'w3'!$B:$B,'w3'!$G:$G)),0) -> 224 | V20: =_xlfn.RANK.EQ(U20,U$3:U$10000,0) -> 35 | W20: =IFERROR(_xlfn.XLOOKUP(B20,'w4'!$B:$B,'w4'!$C:$C),0) -> 50.7 | X20: =_xlfn.RANK.EQ(W20,W$3:W$10000,0) -> 11 | Y20: =IFERROR(_xlfn.XLOOKUP(B20,'w4'!$B:$B,'w4'!$F:$F),1) -> 0.25347222 | Z20: =_xlfn.RANK.EQ(Y20,Y$3:Y$10000,1) -> 25 | AA20: =IFERROR(IF(_xlfn.XLOOKUP(B20,'w4'!$B:$B,'w4'!$G:$G)="--",0,_xlfn.XLOOKUP(B20,'w4'!$B:$B,'w4'!$G:$G)),0) -> 294 | AB20: =_xlfn.RANK.EQ(AA20,AA$3:AA$10000,0) -> 28 | AC20: =IFERROR(_xlfn.XLOOKUP(B20,'w5'!$B:$B,'w5'!$C:$C),0) -> 32.5 | AD20: =_xlfn.RANK.EQ(AC20,AC$3:AC$10000,0) -> 31 | AE20: =IFERROR(_xlfn.XLOOKUP(B20,'w5'!$B:$B,'w5'!$F:$F),1) -> 0.22777778 | AF20: =_xlfn.RANK.EQ(AE20,AE$3:AE$10000,1) -> 9 | AG20: =IFERROR(IF(_xlfn.XLOOKUP(B20,'w5'!$B:$B,'w5'!$G:$G)="--",0,_xlfn.XLOOKUP(B20,'w5'!$B:$B,'w5'!$G:$G)),0) -> 155 | AH20: =_xlfn.RANK.EQ(AG20,AG$3:AG$10000,0) -> 51 | AI20: =IFERROR(_xlfn.XLOOKUP(B20,'w6'!$B:$B,'w6'!$C:$C),0) -> 9.7 | AJ20: =_xlfn.RANK.EQ(AI20,AI$3:AI$10000,0) -> 57 | AK20: =IFERROR(_xlfn.XLOOKUP(B20,'w6'!$B:$B,'w6'!$F:$F),1) -> 0.27708333 | AL20: =_xlfn.RANK.EQ(AK20,AK$3:AK$10000,1) -> 30 | AM20: =IFERROR(IF(_xlfn.XLOOKUP(B20,'w6'!$B:$B,'w6'!$G:$G)="--",0,_xlfn.XLOOKUP(B20,'w6'!$B:$B,'w6'!$G:$G)),0) -> 135 | AN20: =_xlfn.RANK.EQ(AM20,AM$3:AM$10000,0) -> 45 | AO20: =IFERROR(_xlfn.XLOOKUP(B20,'w7'!$B:$B,'w7'!$C:$C),0) -> 19.6 | AP20: =_xlfn.RANK.EQ(AO20,AO$3:AO$10000,0) -> 40 | AQ20: =IFERROR(_xlfn.XLOOKUP(B20,'w7'!$B:$B,'w7'!$F:$F),1) -> 0.28125 | AR20: =_xlfn.RANK.EQ(AQ20,AQ$3:AQ$10000,1) -> 35 | AS20: =IFERROR(IF(_xlfn.XLOOKUP(B20,'w7'!$B:$B,'w7'!$G:$G)="--",0,_xlfn.XLOOKUP(B20,'w7'!$B:$B,'w7'!$G:$G)),0) -> 130 | AT20: =_xlfn.RANK.EQ(AS20,AS$3:AS$10000,0) -> 44 | AU20: =IFERROR(_xlfn.XLOOKUP(B20,'w8'!$B:$B,'w8'!$C:$C),0) -> 49.4 | AV20: =_xlfn.RANK.EQ(AU20,AU$3:AU$10000,0) -> 16 | AW20: =IFERROR(_xlfn.XLOOKUP(B20,'w8'!$B:$B,'w8'!$F:$F),1) -> 0.26180556 | AX20: =_xlfn.RANK.EQ(AW20,AW$3:AW$10000,1) -> 25 | AY20: =IFERROR(IF(_xlfn.XLOOKUP(B20,'w8'!$B:$B,'w8'!$G:$G)="--",0,_xlfn.XLOOKUP(B20,'w8'!$B:$B,'w8'!$G:$G)),0) -> 173 | AZ20: =_xlfn.RANK.EQ(AY20,AY$3:AY$10000,0) -> 41 | BA20: =IFERROR(_xlfn.XLOOKUP(C20,'w9'!$B:$B,'w9'!$C:$C),0) -> 50.9 | BB20: =_xlfn.RANK.EQ(BA20,BA$3:BA$10000,0) -> 14 | BC20: =IFERROR(_xlfn.XLOOKUP(C20,'w9'!$B:$B,'w9'!$F:$F),1) -> 0.25416667 | BD20: =_xlfn.RANK.EQ(BC20,BC$3:BC$10000,1) -> 17 | BE20: =IFERROR(IF(_xlfn.XLOOKUP(C20,'w9'!$B:$B,'w9'!$G:$G)="--",0,_xlfn.XLOOKUP(C20,'w9'!$B:$B,'w9'!$G:$G)),0) -> 468 | BF20: =_xlfn.RANK.EQ(BE20,BE$3:BE$10000,0) -> 30 | BG20: =IFERROR(_xlfn.XLOOKUP(B20,'w10'!$B:$B,'w10'!$C:$C),0) -> 43.2 | BH20: =_xlfn.RANK.EQ(BG20,BG$3:BG$10000,0) -> 19 | BI20: =IFERROR(_xlfn.XLOOKUP(B20,'w10'!$B:$B,'w10'!$F:$F),1) -> 0.23611111 | BJ20: =_xlfn.RANK.EQ(BI20,BI$3:BI$10000,1) -> 13 | BK20: =IFERROR(IF(_xlfn.XLOOKUP(B20,'w10'!$B:$B,'w10'!$G:$G)="--",0,_xlfn.XLOOKUP(B20,'w10'!$B:$B,'w10'!$G:$G)),0) -> 172 | BL20: =_xlfn.RANK.EQ(BK20,BK$3:BK$10000,0) -> 36 | BM20: =IFERROR(_xlfn.XLOOKUP(B20,'w11'!$B:$B,'w11'!$C:$C),0) -> 66.7 | BN20: =_xlfn.RANK.EQ(BM20,BM$3:BM$10000,0) -> 4 | BO20: =IFERROR(_xlfn.XLOOKUP(B20,'w11'!$B:$B,'w11'!$F:$F),1) -> 0.24583333 | BP20: =_xlfn.RANK.EQ(BO20,BO$3:BO$10000,1) -> 18 | BQ20: =IFERROR(IF(_xlfn.XLOOKUP(B20,'w11'!$B:$B,'w11'!$G:$G)="--",0,_xlfn.XLOOKUP(B20,'w11'!$B:$B,'w11'!$G:$G)),0) -> 341 | BR20: =_xlfn.RANK.EQ(BQ20,BQ$3:BQ$10000,0) -> 26 | BS20: =IFERROR(_xlfn.XLOOKUP(B20,'w12'!$B:$B,'w12'!$C:$C),0) -> 43.2 | BT20: =_xlfn.RANK.EQ(BS20,BS$3:BS$10000,0) -> 10 | BU20: =IFERROR(_xlfn.XLOOKUP(B20,'w12'!$B:$B,'w12'!$F:$F),1) -> 0.23888889 | BV20: =_xlfn.RANK.EQ(BU20,BU$3:BU$10000,1) -> 12 | BW20: =IFERROR(IF(_xlfn.XLOOKUP(B20,'w12'!$B:$B,'w12'!$G:$G)="--",0,_xlfn.XLOOKUP(B20,'w12'!$B:$B,'w12'!$G:$G)),0) -> 72 | BX20: =_xlfn.RANK.EQ(BW20,BW$3:BW$10000,0) -> 61 | BY20: =IFERROR(_xlfn.XLOOKUP(B20,'w13'!$B:$B,'w13'!$C:$C),0) -> 22.9 | BZ20: =_xlfn.RANK.EQ(BY20,BY$3:BY$10000,0) -> 34 | CA20: =IFERROR(_xlfn.XLOOKUP(B20,'w13'!$B:$B,'w13'!$F:$F),1) -> 0.26944444 | CB20: =_xlfn.RANK.EQ(CA20,CA$3:CA$10000,1) -> 34 | CC20: =IFERROR(IF(_xlfn.XLOOKUP(B20,'w13'!$B:$B,'w13'!$G:$G)="--",0,_xlfn.XLOOKUP(B20,'w13'!$B:$B,'w13'!$G:$G)),0) -> 183 | CD20: =_xlfn.RANK.EQ(CC20,CC$3:CC$10000,0) -> 39 | CE20: =IFERROR(_xlfn.XLOOKUP(B20,'w14'!$B:$B,'w14'!$C:$C),0) -> 36.7 | CF20: =_xlfn.RANK.EQ(CE20,CE$3:CE$10000,0) -> 24 | CG20: =IFERROR(_xlfn.XLOOKUP(B20,'w14'!$B:$B,'w14'!$F:$F),1) -> 0.2625 | CH20: =_xlfn.RANK.EQ(CG20,CG$3:CG$10000,1) -> 24 | CI20: =IFERROR(IF(_xlfn.XLOOKUP(B20,'w14'!$B:$B,'w14'!$G:$G)="--",0,_xlfn.XLOOKUP(B20,'w14'!$B:$B,'w14'!$G:$G)),0) -> 345 | CJ20: =_xlfn.RANK.EQ(CI20,CI$3:CI$10000,0) -> 26 | CK20: =_xlfn.RANK.EQ(D20,D$3:D$10000,1) -> 18 | CL20: Fernando Rosete | CM20: =SUM(E20,K20,Q20,W20,AC20,AI20,AO20,AU20,BA20,BG20,BM20,BS20,BY20,CE20) -> 487.7 | CN20: =_xlfn.RANK.EQ(CM20,CM$3:CM$10000) -> 18 | CO20: =IFERROR(SUM(PRODUCT(E20,G20),PRODUCT(K20,M20),PRODUCT(Q20,S20),PRODUCT(W20,Y20),PRODUCT(AC20,AE20),PRODUCT(AI20,AK20),PRODUCT(AO20,AQ20),PRODUCT(AU20,AW20),PRODUCT(BA20,BC20),PRODUCT(BG20,BI20),PRODUCT(BM20,BO20),PRODUCT(BS20,BU20),PRODUCT(BY20,CA20),PRODUCT(CE20,CG20))/CM20,1) -> 0.25197099 | CP20: =_xlfn.RANK.EQ(CO20,CO$3:CO$10000,1) -> 20 | CQ20: =SUM(I20,O20,U20,AA20,AG20,AM20,AS20,AY20,BE20,BK20,BQ20,BW20,CC20,CI20) -> 2723 | CR20: =_xlfn.RANK.EQ(CQ20,CQ$3:CQ$10000) -> 44 | CS20: =_xlfn.RANK.EQ(CT20,CT$3:CT$10000,1) -> 31 | CT20: =CV20*$CN$1+CX20*$CP$1+CZ20*$CR$1 -> 87.375 | CU20: =_xlfn.STDEV.S(F20,L20,R20,X20,AD20,AJ20,AP20,AV20,BB20,BH20,BN20,BT20,BZ20,CF20) -> 20.170836 | CV20: =_xlfn.RANK.EQ(CU20,CU$3:CU$10000,1) -> 89 | CW20: =_xlfn.STDEV.S(H20,N20,T20,Z20,AF20,AL20,AR20,AX20,BD20,BJ20,BP20,BV20,CB20,CH20) -> 15.419589 | CX20: =_xlfn.RANK.EQ(CW20,CW$3:CW$10000,1) -> 56 | CY20: =_xlfn.STDEV.S(J20,P20,V20,AB20,AH20,AN20,AT20,AZ20,BF20,BL20,BR20,BX20,CD20,CJ20) -> 15.497784 | CZ20: =_xlfn.RANK.EQ(CY20,CY$3:CY$10000,1) -> 57 | DA20: =SUM(COUNTIF(E20,">0"),COUNTIF(K20,">0"),COUNTIF(Q20,">0"),COUNTIF(W20,">0"),COUNTIF(AC20,">0"),COUNTIF(AI20,">0"),COUNTIF(AO20,">0"),COUNTIF(AU20,">0"),COUNTIF(BA20,">0"),COUNTIF(BG20,">0"),COUNTIF(BM20,">0"),COUNTIF(BS20,">0"),COUNTIF(BY20,">0"),COUNTIF(CE20,">0")) -> 13
B21: Paulo Dias Paulo Dias | C21: Paulo Dias | D21: =CN21*$CN$1+CP21*$CP$1+CR21*$CR$1 -> 18.8 | E21: =IFERROR(_xlfn.XLOOKUP(B21,'w1'!$B:$B,'w1'!$C:$C),0) -> 44.1 | F21: =_xlfn.RANK.EQ(E21,E$3:E$10000,0) -> 16 | G21: =IFERROR(_xlfn.XLOOKUP(B21,'w1'!$B:$B,'w1'!$F:$F),1) -> 0.20972222 | H21: =_xlfn.RANK.EQ(G21,G$3:G$10000,1) -> 3 | I21: =IFERROR(IF(_xlfn.XLOOKUP(B21,'w1'!$B:$B,'w1'!$G:$G)="--",0,_xlfn.XLOOKUP(B21,'w1'!$B:$B,'w1'!$G:$G)),0) -> 569 | J21: =_xlfn.RANK.EQ(I21,I$3:I$10000,0) -> 16 | K21: =IFERROR(_xlfn.XLOOKUP(B21,'w2'!$B:$B,'w2'!$C:$C),0) -> 31.2 | L21: =_xlfn.RANK.EQ(K21,K$3:K$10000,0) -> 26 | M21: =IFERROR(_xlfn.XLOOKUP(B21,'w2'!$B:$B,'w2'!$F:$F),1) -> 0.25069444 | N21: =_xlfn.RANK.EQ(M21,M$3:M$10000,1) -> 15 | O21: =IFERROR(IF(_xlfn.XLOOKUP(B21,'w2'!$B:$B,'w2'!$G:$G)="--",0,_xlfn.XLOOKUP(B21,'w2'!$B:$B,'w2'!$G:$G)),0) -> 582 | P21: =_xlfn.RANK.EQ(O21,O$3:O$10000,0) -> 13 | Q21: =IFERROR(_xlfn.XLOOKUP(B21,'w3'!$B:$B,'w3'!$C:$C),0) -> 27.7 | R21: =_xlfn.RANK.EQ(Q21,Q$3:Q$10000,0) -> 34 | S21: =IFERROR(_xlfn.XLOOKUP(B21,'w3'!$B:$B,'w3'!$F:$F),1) -> 0.22777778 | T21: =_xlfn.RANK.EQ(S21,S$3:S$10000,1) -> 5 | U21: =IFERROR(IF(_xlfn.XLOOKUP(B21,'w3'!$B:$B,'w3'!$G:$G)="--",0,_xlfn.XLOOKUP(B21,'w3'!$B:$B,'w3'!$G:$G)),0) -> 392 | V21: =_xlfn.RANK.EQ(U21,U$3:U$10000,0) -> 24 | W21: =IFERROR(_xlfn.XLOOKUP(B21,'w4'!$B:$B,'w4'!$C:$C),0) -> 26 | X21: =_xlfn.RANK.EQ(W21,W$3:W$10000,0) -> 31 | Y21: =IFERROR(_xlfn.XLOOKUP(B21,'w4'!$B:$B,'w4'!$F:$F),1) -> 0.21666667 | Z21: =_xlfn.RANK.EQ(Y21,Y$3:Y$10000,1) -> 5 | AA21: =IFERROR(IF(_xlfn.XLOOKUP(B21,'w4'!$B:$B,'w4'!$G:$G)="--",0,_xlfn.XLOOKUP(B21,'w4'!$B:$B,'w4'!$G:$G)),0) -> 142 | AB21: =_xlfn.RANK.EQ(AA21,AA$3:AA$10000,0) -> 42 | AC21: =IFERROR(_xlfn.XLOOKUP(B21,'w5'!$B:$B,'w5'!$C:$C),0) -> 0 | AD21: =_xlfn.RANK.EQ(AC21,AC$3:AC$10000,0) -> 77 | AE21: =IFERROR(_xlfn.XLOOKUP(B21,'w5'!$B:$B,'w5'!$F:$F),1) -> 1 | AF21: =_xlfn.RANK.EQ(AE21,AE$3:AE$10000,1) -> 76 | AG21: =IFERROR(IF(_xlfn.XLOOKUP(B21,'w5'!$B:$B,'w5'!$G:$G)="--",0,_xlfn.XLOOKUP(B21,'w5'!$B:$B,'w5'!$G:$G)),0) -> 0 | AH21: =_xlfn.RANK.EQ(AG21,AG$3:AG$10000,0) -> 73 | AI21: =IFERROR(_xlfn.XLOOKUP(B21,'w6'!$B:$B,'w6'!$C:$C),0) -> 0 | AJ21: =_xlfn.RANK.EQ(AI21,AI$3:AI$10000,0) -> 65 | AK21: =IFERROR(_xlfn.XLOOKUP(B21,'w6'!$B:$B,'w6'!$F:$F),1) -> 1 | AL21: =_xlfn.RANK.EQ(AK21,AK$3:AK$10000,1) -> 65 | AM21: =IFERROR(IF(_xlfn.XLOOKUP(B21,'w6'!$B:$B,'w6'!$G:$G)="--",0,_xlfn.XLOOKUP(B21,'w6'!$B:$B,'w6'!$G:$G)),0) -> 0 | AN21: =_xlfn.RANK.EQ(AM21,AM$3:AM$10000,0) -> 61 | AO21: =IFERROR(_xlfn.XLOOKUP(B21,'w7'!$B:$B,'w7'!$C:$C),0) -> 63.3 | AP21: =_xlfn.RANK.EQ(AO21,AO$3:AO$10000,0) -> 3 | AQ21: =IFERROR(_xlfn.XLOOKUP(B21,'w7'!$B:$B,'w7'!$F:$F),1) -> 0.26388889 | AR21: =_xlfn.RANK.EQ(AQ21,AQ$3:AQ$10000,1) -> 29 | AS21: =IFERROR(IF(_xlfn.XLOOKUP(B21,'w7'!$B:$B,'w7'!$G:$G)="--",0,_xlfn.XLOOKUP(B21,'w7'!$B:$B,'w7'!$G:$G)),0) -> 1381 | AT21: =_xlfn.RANK.EQ(AS21,AS$3:AS$10000,0) -> 9 | AU21: =IFERROR(_xlfn.XLOOKUP(B21,'w8'!$B:$B,'w8'!$C:$C),0) -> 93 | AV21: =_xlfn.RANK.EQ(AU21,AU$3:AU$10000,0) -> 4 | AW21: =IFERROR(_xlfn.XLOOKUP(B21,'w8'!$B:$B,'w8'!$F:$F),1) -> 0.21111111 | AX21: =_xlfn.RANK.EQ(AW21,AW$3:AW$10000,1) -> 2 | AY21: =IFERROR(IF(_xlfn.XLOOKUP(B21,'w8'!$B:$B,'w8'!$G:$G)="--",0,_xlfn.XLOOKUP(B21,'w8'!$B:$B,'w8'!$G:$G)),0) -> 735 | AZ21: =_xlfn.RANK.EQ(AY21,AY$3:AY$10000,0) -> 16 | BA21: =IFERROR(_xlfn.XLOOKUP(C21,'w9'!$B:$B,'w9'!$C:$C),0) -> 72.1 | BB21: =_xlfn.RANK.EQ(BA21,BA$3:BA$10000,0) -> 3 | BC21: =IFERROR(_xlfn.XLOOKUP(C21,'w9'!$B:$B,'w9'!$F:$F),1) -> 0.20625 | BD21: =_xlfn.RANK.EQ(BC21,BC$3:BC$10000,1) -> 2 | BE21: =IFERROR(IF(_xlfn.XLOOKUP(C21,'w9'!$B:$B,'w9'!$G:$G)="--",0,_xlfn.XLOOKUP(C21,'w9'!$B:$B,'w9'!$G:$G)),0) -> 385 | BF21: =_xlfn.RANK.EQ(BE21,BE$3:BE$10000,0) -> 38 | BG21: =IFERROR(_xlfn.XLOOKUP(B21,'w10'!$B:$B,'w10'!$C:$C),0) -> 21.4 | BH21: =_xlfn.RANK.EQ(BG21,BG$3:BG$10000,0) -> 41 | BI21: =IFERROR(_xlfn.XLOOKUP(B21,'w10'!$B:$B,'w10'!$F:$F),1) -> 0.23125 | BJ21: =_xlfn.RANK.EQ(BI21,BI$3:BI$10000,1) -> 9 | BK21: =IFERROR(IF(_xlfn.XLOOKUP(B21,'w10'!$B:$B,'w10'!$G:$G)="--",0,_xlfn.XLOOKUP(B21,'w10'!$B:$B,'w10'!$G:$G)),0) -> 153 | BL21: =_xlfn.RANK.EQ(BK21,BK$3:BK$10000,0) -> 39 | BM21: =IFERROR(_xlfn.XLOOKUP(B21,'w11'!$B:$B,'w11'!$C:$C),0) -> 10.6 | BN21: =_xlfn.RANK.EQ(BM21,BM$3:BM$10000,0) -> 60 | BO21: =IFERROR(_xlfn.XLOOKUP(B21,'w11'!$B:$B,'w11'!$F:$F),1) -> 0.18541667 | BP21: =_xlfn.RANK.EQ(BO21,BO$3:BO$10000,1) -> 2 | BQ21: =IFERROR(IF(_xlfn.XLOOKUP(B21,'w11'!$B:$B,'w11'!$G:$G)="--",0,_xlfn.XLOOKUP(B21,'w11'!$B:$B,'w11'!$G:$G)),0) -> 91 | BR21: =_xlfn.RANK.EQ(BQ21,BQ$3:BQ$10000,0) -> 59 | BS21: =IFERROR(_xlfn.XLOOKUP(B21,'w12'!$B:$B,'w12'!$C:$C),0) -> 16.6 | BT21: =_xlfn.RANK.EQ(BS21,BS$3:BS$10000,0) -> 45 | BU21: =IFERROR(_xlfn.XLOOKUP(B21,'w12'!$B:$B,'w12'!$F:$F),1) -> 0.22291667 | BV21: =_xlfn.RANK.EQ(BU21,BU$3:BU$10000,1) -> 3 | BW21: =IFERROR(IF(_xlfn.XLOOKUP(B21,'w12'!$B:$B,'w12'!$G:$G)="--",0,_xlfn.XLOOKUP(B21,'w12'!$B:$B,'w12'!$G:$G)),0) -> 233 | BX21: =_xlfn.RANK.EQ(BW21,BW$3:BW$10000,0) -> 31 | BY21: =IFERROR(_xlfn.XLOOKUP(B21,'w13'!$B:$B,'w13'!$C:$C),0) -> 27.1 | BZ21: =_xlfn.RANK.EQ(BY21,BY$3:BY$10000,0) -> 29 | CA21: =IFERROR(_xlfn.XLOOKUP(B21,'w13'!$B:$B,'w13'!$F:$F),1) -> 0.20902778 | CB21: =_xlfn.RANK.EQ(CA21,CA$3:CA$10000,1) -> 4 | CC21: =IFERROR(IF(_xlfn.XLOOKUP(B21,'w13'!$B:$B,'w13'!$G:$G)="--",0,_xlfn.XLOOKUP(B21,'w13'!$B:$B,'w13'!$G:$G)),0) -> 149 | CD21: =_xlfn.RANK.EQ(CC21,CC$3:CC$10000,0) -> 41 | CE21: =IFERROR(_xlfn.XLOOKUP(B21,'w14'!$B:$B,'w14'!$C:$C),0) -> 47.1 | CF21: =_xlfn.RANK.EQ(CE21,CE$3:CE$10000,0) -> 15 | CG21: =IFERROR(_xlfn.XLOOKUP(B21,'w14'!$B:$B,'w14'!$F:$F),1) -> 0.21736111 | CH21: =_xlfn.RANK.EQ(CG21,CG$3:CG$10000,1) -> 3 | CI21: =IFERROR(IF(_xlfn.XLOOKUP(B21,'w14'!$B:$B,'w14'!$G:$G)="--",0,_xlfn.XLOOKUP(B21,'w14'!$B:$B,'w14'!$G:$G)),0) -> 659 | CJ21: =_xlfn.RANK.EQ(CI21,CI$3:CI$10000,0) -> 17 | CK21: =_xlfn.RANK.EQ(D21,D$3:D$10000,1) -> 19 | CL21: Paulo Dias | CM21: =SUM(E21,K21,Q21,W21,AC21,AI21,AO21,AU21,BA21,BG21,BM21,BS21,BY21,CE21) -> 480.2 | CN21: =_xlfn.RANK.EQ(CM21,CM$3:CM$10000) -> 19 | CO21: =IFERROR(SUM(PRODUCT(E21,G21),PRODUCT(K21,M21),PRODUCT(Q21,S21),PRODUCT(W21,Y21),PRODUCT(AC21,AE21),PRODUCT(AI21,AK21),PRODUCT(AO21,AQ21),PRODUCT(AU21,AW21),PRODUCT(BA21,BC21),PRODUCT(BG21,BI21),PRODUCT(BM21,BO21),PRODUCT(BS21,BU21),PRODUCT(BY21,CA21),PRODUCT(CE21,CG21))/CM21,1) -> 0.22227877 | CP21: =_xlfn.RANK.EQ(CO21,CO$3:CO$10000,1) -> 5 | CQ21: =SUM(I21,O21,U21,AA21,AG21,AM21,AS21,AY21,BE21,BK21,BQ21,BW21,CC21,CI21) -> 5471 | CR21: =_xlfn.RANK.EQ(CQ21,CQ$3:CQ$10000) -> 25 | CU21: =_xlfn.STDEV.S(F21,L21,R21,X21,AD21,AJ21,AP21,AV21,BB21,BH21,BN21,BT21,BZ21,CF21) -> 23.548524 | CV21: =_xlfn.RANK.EQ(CU21,CU$3:CU$10000,1) -> 99 | CW21: =_xlfn.STDEV.S(H21,N21,T21,Z21,AF21,AL21,AR21,AX21,BD21,BJ21,BP21,BV21,CB21,CH21) -> 24.33884 | CX21: =_xlfn.RANK.EQ(CW21,CW$3:CW$10000,1) -> 94 | CY21: =_xlfn.STDEV.S(J21,P21,V21,AB21,AH21,AN21,AT21,AZ21,BF21,BL21,BR21,BX21,CD21,CJ21) -> 19.884971 | CZ21: =_xlfn.RANK.EQ(CY21,CY$3:CY$10000,1) -> 85 | DA21: =SUM(COUNTIF(E21,">0"),COUNTIF(K21,">0"),COUNTIF(Q21,">0"),COUNTIF(W21,">0"),COUNTIF(AC21,">0"),COUNTIF(AI21,">0"),COUNTIF(AO21,">0"),COUNTIF(AU21,">0"),COUNTIF(BA21,">0"),COUNTIF(BG21,">0"),COUNTIF(BM21,">0"),COUNTIF(BS21,">0"),COUNTIF(BY21,">0"),COUNTIF(CE21,">0")) -> 12
B22: Jose Magalhaes Jose Magalhaes | C22: Jose Magalhaes | D22: =CN22*$CN$1+CP22*$CP$1+CR22*$CR$1 -> 20.8 | E22: =IFERROR(_xlfn.XLOOKUP(B22,'w1'!$B:$B,'w1'!$C:$C),0) -> 12.2 | F22: =_xlfn.RANK.EQ(E22,E$3:E$10000,0) -> 57 | G22: =IFERROR(_xlfn.XLOOKUP(B22,'w1'!$B:$B,'w1'!$F:$F),1) -> 0.22708333 | H22: =_xlfn.RANK.EQ(G22,G$3:G$10000,1) -> 9 | I22: =IFERROR(IF(_xlfn.XLOOKUP(B22,'w1'!$B:$B,'w1'!$G:$G)="--",0,_xlfn.XLOOKUP(B22,'w1'!$B:$B,'w1'!$G:$G)),0) -> 44 | J22: =_xlfn.RANK.EQ(I22,I$3:I$10000,0) -> 68 | K22: =IFERROR(_xlfn.XLOOKUP(B22,'w2'!$B:$B,'w2'!$C:$C),0) -> 60.8 | L22: =_xlfn.RANK.EQ(K22,K$3:K$10000,0) -> 7 | M22: =IFERROR(_xlfn.XLOOKUP(B22,'w2'!$B:$B,'w2'!$F:$F),1) -> 0.25069444 | N22: =_xlfn.RANK.EQ(M22,M$3:M$10000,1) -> 15 | O22: =IFERROR(IF(_xlfn.XLOOKUP(B22,'w2'!$B:$B,'w2'!$G:$G)="--",0,_xlfn.XLOOKUP(B22,'w2'!$B:$B,'w2'!$G:$G)),0) -> 154 | P22: =_xlfn.RANK.EQ(O22,O$3:O$10000,0) -> 46 | Q22: =IFERROR(_xlfn.XLOOKUP(B22,'w3'!$B:$B,'w3'!$C:$C),0) -> 52 | R22: =_xlfn.RANK.EQ(Q22,Q$3:Q$10000,0) -> 12 | S22: =IFERROR(_xlfn.XLOOKUP(B22,'w3'!$B:$B,'w3'!$F:$F),1) -> 0.23541667 | T22: =_xlfn.RANK.EQ(S22,S$3:S$10000,1) -> 8 | U22: =IFERROR(IF(_xlfn.XLOOKUP(B22,'w3'!$B:$B,'w3'!$G:$G)="--",0,_xlfn.XLOOKUP(B22,'w3'!$B:$B,'w3'!$G:$G)),0) -> 79 | V22: =_xlfn.RANK.EQ(U22,U$3:U$10000,0) -> 64 | W22: =IFERROR(_xlfn.XLOOKUP(B22,'w4'!$B:$B,'w4'!$C:$C),0) -> 26.3 | X22: =_xlfn.RANK.EQ(W22,W$3:W$10000,0) -> 30 | Y22: =IFERROR(_xlfn.XLOOKUP(B22,'w4'!$B:$B,'w4'!$F:$F),1) -> 0.24305556 | Z22: =_xlfn.RANK.EQ(Y22,Y$3:Y$10000,1) -> 15 | AA22: =IFERROR(IF(_xlfn.XLOOKUP(B22,'w4'!$B:$B,'w4'!$G:$G)="--",0,_xlfn.XLOOKUP(B22,'w4'!$B:$B,'w4'!$G:$G)),0) -> 121 | AB22: =_xlfn.RANK.EQ(AA22,AA$3:AA$10000,0) -> 45 | AC22: =IFERROR(_xlfn.XLOOKUP(B22,'w5'!$B:$B,'w5'!$C:$C),0) -> 48.6 | AD22: =_xlfn.RANK.EQ(AC22,AC$3:AC$10000,0) -> 10 | AE22: =IFERROR(_xlfn.XLOOKUP(B22,'w5'!$B:$B,'w5'!$F:$F),1) -> 0.22291667 | AF22: =_xlfn.RANK.EQ(AE22,AE$3:AE$10000,1) -> 6 | AG22: =IFERROR(IF(_xlfn.XLOOKUP(B22,'w5'!$B:$B,'w5'!$G:$G)="--",0,_xlfn.XLOOKUP(B22,'w5'!$B:$B,'w5'!$G:$G)),0) -> 243 | AH22: =_xlfn.RANK.EQ(AG22,AG$3:AG$10000,0) -> 42 | AI22: =IFERROR(_xlfn.XLOOKUP(B22,'w6'!$B:$B,'w6'!$C:$C),0) -> 52.3 | AJ22: =_xlfn.RANK.EQ(AI22,AI$3:AI$10000,0) -> 6 | AK22: =IFERROR(_xlfn.XLOOKUP(B22,'w6'!$B:$B,'w6'!$F:$F),1) -> 0.24027778 | AL22: =_xlfn.RANK.EQ(AK22,AK$3:AK$10000,1) -> 10 | AM22: =IFERROR(IF(_xlfn.XLOOKUP(B22,'w6'!$B:$B,'w6'!$G:$G)="--",0,_xlfn.XLOOKUP(B22,'w6'!$B:$B,'w6'!$G:$G)),0) -> 371 | AN22: =_xlfn.RANK.EQ(AM22,AM$3:AM$10000,0) -> 18 | AO22: =IFERROR(_xlfn.XLOOKUP(B22,'w7'!$B:$B,'w7'!$C:$C),0) -> 0 | AP22: =_xlfn.RANK.EQ(AO22,AO$3:AO$10000,0) -> 72 | AQ22: =IFERROR(_xlfn.XLOOKUP(B22,'w7'!$B:$B,'w7'!$F:$F),1) -> 1 | AR22: =_xlfn.RANK.EQ(AQ22,AQ$3:AQ$10000,1) -> 72 | AS22: =IFERROR(IF(_xlfn.XLOOKUP(B22,'w7'!$B:$B,'w7'!$G:$G)="--",0,_xlfn.XLOOKUP(B22,'w7'!$B:$B,'w7'!$G:$G)),0) -> 0 | AT22: =_xlfn.RANK.EQ(AS22,AS$3:AS$10000,0) -> 69 | AU22: =IFERROR(_xlfn.XLOOKUP(B22,'w8'!$B:$B,'w8'!$C:$C),0) -> 0 | AV22: =_xlfn.RANK.EQ(AU22,AU$3:AU$10000,0) -> 73 | AW22: =IFERROR(_xlfn.XLOOKUP(B22,'w8'!$B:$B,'w8'!$F:$F),1) -> 1 | AX22: =_xlfn.RANK.EQ(AW22,AW$3:AW$10000,1) -> 73 | AY22: =IFERROR(IF(_xlfn.XLOOKUP(B22,'w8'!$B:$B,'w8'!$G:$G)="--",0,_xlfn.XLOOKUP(B22,'w8'!$B:$B,'w8'!$G:$G)),0) -> 0 | AZ22: =_xlfn.RANK.EQ(AY22,AY$3:AY$10000,0) -> 70 | BA22: =IFERROR(_xlfn.XLOOKUP(C22,'w9'!$B:$B,'w9'!$C:$C),0) -> 14.6 | BB22: =_xlfn.RANK.EQ(BA22,BA$3:BA$10000,0) -> 63 | BC22: =IFERROR(_xlfn.XLOOKUP(C22,'w9'!$B:$B,'w9'!$F:$F),1) -> 0.29930556 | BD22: =_xlfn.RANK.EQ(BC22,BC$3:BC$10000,1) -> 40 | BE22: =IFERROR(IF(_xlfn.XLOOKUP(C22,'w9'!$B:$B,'w9'!$G:$G)="--",0,_xlfn.XLOOKUP(C22,'w9'!$B:$B,'w9'!$G:$G)),0) -> 207 | BF22: =_xlfn.RANK.EQ(BE22,BE$3:BE$10000,0) -> 52 | BG22: =IFERROR(_xlfn.XLOOKUP(B22,'w10'!$B:$B,'w10'!$C:$C),0) -> 51.4 | BH22: =_xlfn.RANK.EQ(BG22,BG$3:BG$10000,0) -> 10 | BI22: =IFERROR(_xlfn.XLOOKUP(B22,'w10'!$B:$B,'w10'!$F:$F),1) -> 0.26041667 | BJ22: =_xlfn.RANK.EQ(BI22,BI$3:BI$10000,1) -> 30 | BK22: =IFERROR(IF(_xlfn.XLOOKUP(B22,'w10'!$B:$B,'w10'!$G:$G)="--",0,_xlfn.XLOOKUP(B22,'w10'!$B:$B,'w10'!$G:$G)),0) -> 128 | BL22: =_xlfn.RANK.EQ(BK22,BK$3:BK$10000,0) -> 50 | BM22: =IFERROR(_xlfn.XLOOKUP(B22,'w11'!$B:$B,'w11'!$C:$C),0) -> 57.5 | BN22: =_xlfn.RANK.EQ(BM22,BM$3:BM$10000,0) -> 7 | BO22: =IFERROR(_xlfn.XLOOKUP(B22,'w11'!$B:$B,'w11'!$F:$F),1) -> 0.25208333 | BP22: =_xlfn.RANK.EQ(BO22,BO$3:BO$10000,1) -> 21 | BQ22: =IFERROR(IF(_xlfn.XLOOKUP(B22,'w11'!$B:$B,'w11'!$G:$G)="--",0,_xlfn.XLOOKUP(B22,'w11'!$B:$B,'w11'!$G:$G)),0) -> 278 | BR22: =_xlfn.RANK.EQ(BQ22,BQ$3:BQ$10000,0) -> 31 | BS22: =IFERROR(_xlfn.XLOOKUP(B22,'w12'!$B:$B,'w12'!$C:$C),0) -> 0 | BT22: =_xlfn.RANK.EQ(BS22,BS$3:BS$10000,0) -> 76 | BU22: =IFERROR(_xlfn.XLOOKUP(B22,'w12'!$B:$B,'w12'!$F:$F),1) -> 1 | BV22: =_xlfn.RANK.EQ(BU22,BU$3:BU$10000,1) -> 76 | BW22: =IFERROR(IF(_xlfn.XLOOKUP(B22,'w12'!$B:$B,'w12'!$G:$G)="--",0,_xlfn.XLOOKUP(B22,'w12'!$B:$B,'w12'!$G:$G)),0) -> 0 | BX22: =_xlfn.RANK.EQ(BW22,BW$3:BW$10000,0) -> 73 | BY22: =IFERROR(_xlfn.XLOOKUP(B22,'w13'!$B:$B,'w13'!$C:$C),0) -> 45.5 | BZ22: =_xlfn.RANK.EQ(BY22,BY$3:BY$10000,0) -> 11 | CA22: =IFERROR(_xlfn.XLOOKUP(B22,'w13'!$B:$B,'w13'!$F:$F),1) -> 0.24236111 | CB22: =_xlfn.RANK.EQ(CA22,CA$3:CA$10000,1) -> 18 | CC22: =IFERROR(IF(_xlfn.XLOOKUP(B22,'w13'!$B:$B,'w13'!$G:$G)="--",0,_xlfn.XLOOKUP(B22,'w13'!$B:$B,'w13'!$G:$G)),0) -> 132 | CD22: =_xlfn.RANK.EQ(CC22,CC$3:CC$10000,0) -> 44 | CE22: =IFERROR(_xlfn.XLOOKUP(B22,'w14'!$B:$B,'w14'!$C:$C),0) -> 52.1 | CF22: =_xlfn.RANK.EQ(CE22,CE$3:CE$10000,0) -> 12 | CG22: =IFERROR(_xlfn.XLOOKUP(B22,'w14'!$B:$B,'w14'!$F:$F),1) -> 0.25347222 | CH22: =_xlfn.RANK.EQ(CG22,CG$3:CG$10000,1) -> 15 | CI22: =IFERROR(IF(_xlfn.XLOOKUP(B22,'w14'!$B:$B,'w14'!$G:$G)="--",0,_xlfn.XLOOKUP(B22,'w14'!$B:$B,'w14'!$G:$G)),0) -> 146 | CJ22: =_xlfn.RANK.EQ(CI22,CI$3:CI$10000,0) -> 43 | CK22: =_xlfn.RANK.EQ(D22,D$3:D$10000,1) -> 20 | CL22: José Magalhães | CM22: =SUM(E22,K22,Q22,W22,AC22,AI22,AO22,AU22,BA22,BG22,BM22,BS22,BY22,CE22) -> 473.3 | CN22: =_xlfn.RANK.EQ(CM22,CM$3:CM$10000) -> 20 | CO22: =IFERROR(SUM(PRODUCT(E22,G22),PRODUCT(K22,M22),PRODUCT(Q22,S22),PRODUCT(W22,Y22),PRODUCT(AC22,AE22),PRODUCT(AI22,AK22),PRODUCT(AO22,AQ22),PRODUCT(AU22,AW22),PRODUCT(BA22,BC22),PRODUCT(BG22,BI22),PRODUCT(BM22,BO22),PRODUCT(BS22,BU22),PRODUCT(BY22,CA22),PRODUCT(CE22,CG22))/CM22,1) -> 0.24620821 | CP22: =_xlfn.RANK.EQ(CO22,CO$3:CO$10000,1) -> 16 | CQ22: =SUM(I22,O22,U22,AA22,AG22,AM22,AS22,AY22,BE22,BK22,BQ22,BW22,CC22,CI22) -> 1903 | CR22: =_xlfn.RANK.EQ(CQ22,CQ$3:CQ$10000) -> 56 | CU22: =_xlfn.STDEV.S(F22,L22,R22,X22,AD22,AJ22,AP22,AV22,BB22,BH22,BN22,BT22,BZ22,CF22) -> 29.011555 | CV22: =_xlfn.RANK.EQ(CU22,CU$3:CU$10000,1) -> 105 | CW22: =_xlfn.STDEV.S(H22,N22,T22,Z22,AF22,AL22,AR22,AX22,BD22,BJ22,BP22,BV22,CB22,CH22) -> 25.749853 | CX22: =_xlfn.RANK.EQ(CW22,CW$3:CW$10000,1) -> 98 | CY22: =_xlfn.STDEV.S(J22,P22,V22,AB22,AH22,AN22,AT22,AZ22,BF22,BL22,BR22,BX22,CD22,CJ22) -> 16.107639 | CZ22: =_xlfn.RANK.EQ(CY22,CY$3:CY$10000,1) -> 60 | DA22: =SUM(COUNTIF(E22,">0"),COUNTIF(K22,">0"),COUNTIF(Q22,">0"),COUNTIF(W22,">0"),COUNTIF(AC22,">0"),COUNTIF(AI22,">0"),COUNTIF(AO22,">0"),COUNTIF(AU22,">0"),COUNTIF(BA22,">0"),COUNTIF(BG22,">0"),COUNTIF(BM22,">0"),COUNTIF(BS22,">0"),COUNTIF(BY22,">0"),COUNTIF(CE22,">0")) -> 11
B23: Pedro Simões Pedro Simões | C23: Pedro Simões | D23: =CN23*$CN$1+CP23*$CP$1+CR23*$CR$1 -> 23.175 | E23: =IFERROR(_xlfn.XLOOKUP(B23,'w1'!$B:$B,'w1'!$C:$C),0) -> 22.2 | F23: =_xlfn.RANK.EQ(E23,E$3:E$10000,0) -> 41 | G23: =IFERROR(_xlfn.XLOOKUP(B23,'w1'!$B:$B,'w1'!$F:$F),1) -> 0.24375 | H23: =_xlfn.RANK.EQ(G23,G$3:G$10000,1) -> 14 | I23: =IFERROR(IF(_xlfn.XLOOKUP(B23,'w1'!$B:$B,'w1'!$G:$G)="--",0,_xlfn.XLOOKUP(B23,'w1'!$B:$B,'w1'!$G:$G)),0) -> 249 | J23: =_xlfn.RANK.EQ(I23,I$3:I$10000,0) -> 40 | K23: =IFERROR(_xlfn.XLOOKUP(B23,'w2'!$B:$B,'w2'!$C:$C),0) -> 27.5 | L23: =_xlfn.RANK.EQ(K23,K$3:K$10000,0) -> 32 | M23: =IFERROR(_xlfn.XLOOKUP(B23,'w2'!$B:$B,'w2'!$F:$F),1) -> 0.28611111 | N23: =_xlfn.RANK.EQ(M23,M$3:M$10000,1) -> 40 | O23: =IFERROR(IF(_xlfn.XLOOKUP(B23,'w2'!$B:$B,'w2'!$G:$G)="--",0,_xlfn.XLOOKUP(B23,'w2'!$B:$B,'w2'!$G:$G)),0) -> 562 | P23: =_xlfn.RANK.EQ(O23,O$3:O$10000,0) -> 15 | Q23: =IFERROR(_xlfn.XLOOKUP(B23,'w3'!$B:$B,'w3'!$C:$C),0) -> 36.3 | R23: =_xlfn.RANK.EQ(Q23,Q$3:Q$10000,0) -> 24 | S23: =IFERROR(_xlfn.XLOOKUP(B23,'w3'!$B:$B,'w3'!$F:$F),1) -> 0.31597222 | T23: =_xlfn.RANK.EQ(S23,S$3:S$10000,1) -> 62 | U23: =IFERROR(IF(_xlfn.XLOOKUP(B23,'w3'!$B:$B,'w3'!$G:$G)="--",0,_xlfn.XLOOKUP(B23,'w3'!$B:$B,'w3'!$G:$G)),0) -> 687 | V23: =_xlfn.RANK.EQ(U23,U$3:U$10000,0) -> 14 | W23: =IFERROR(_xlfn.XLOOKUP(B23,'w4'!$B:$B,'w4'!$C:$C),0) -> 32.3 | X23: =_xlfn.RANK.EQ(W23,W$3:W$10000,0) -> 22 | Y23: =IFERROR(_xlfn.XLOOKUP(B23,'w4'!$B:$B,'w4'!$F:$F),1) -> 0.30208333 | Z23: =_xlfn.RANK.EQ(Y23,Y$3:Y$10000,1) -> 50 | AA23: =IFERROR(IF(_xlfn.XLOOKUP(B23,'w4'!$B:$B,'w4'!$G:$G)="--",0,_xlfn.XLOOKUP(B23,'w4'!$B:$B,'w4'!$G:$G)),0) -> 446 | AB23: =_xlfn.RANK.EQ(AA23,AA$3:AA$10000,0) -> 18 | AC23: =IFERROR(_xlfn.XLOOKUP(B23,'w5'!$B:$B,'w5'!$C:$C),0) -> 29.3 | AD23: =_xlfn.RANK.EQ(AC23,AC$3:AC$10000,0) -> 40 | AE23: =IFERROR(_xlfn.XLOOKUP(B23,'w5'!$B:$B,'w5'!$F:$F),1) -> 0.39722222 | AF23: =_xlfn.RANK.EQ(AE23,AE$3:AE$10000,1) -> 65 | AG23: =IFERROR(IF(_xlfn.XLOOKUP(B23,'w5'!$B:$B,'w5'!$G:$G)="--",0,_xlfn.XLOOKUP(B23,'w5'!$B:$B,'w5'!$G:$G)),0) -> 1091 | AH23: =_xlfn.RANK.EQ(AG23,AG$3:AG$10000,0) -> 12 | AI23: =IFERROR(_xlfn.XLOOKUP(B23,'w6'!$B:$B,'w6'!$C:$C),0) -> 44.4 | AJ23: =_xlfn.RANK.EQ(AI23,AI$3:AI$10000,0) -> 8 | AK23: =IFERROR(_xlfn.XLOOKUP(B23,'w6'!$B:$B,'w6'!$F:$F),1) -> 0.24652778 | AL23: =_xlfn.RANK.EQ(AK23,AK$3:AK$10000,1) -> 12 | AM23: =IFERROR(IF(_xlfn.XLOOKUP(B23,'w6'!$B:$B,'w6'!$G:$G)="--",0,_xlfn.XLOOKUP(B23,'w6'!$B:$B,'w6'!$G:$G)),0) -> 538 | AN23: =_xlfn.RANK.EQ(AM23,AM$3:AM$10000,0) -> 14 | AO23: =IFERROR(_xlfn.XLOOKUP(B23,'w7'!$B:$B,'w7'!$C:$C),0) -> 41.4 | AP23: =_xlfn.RANK.EQ(AO23,AO$3:AO$10000,0) -> 17 | AQ23: =IFERROR(_xlfn.XLOOKUP(B23,'w7'!$B:$B,'w7'!$F:$F),1) -> 0.37708333 | AR23: =_xlfn.RANK.EQ(AQ23,AQ$3:AQ$10000,1) -> 58 | AS23: =IFERROR(IF(_xlfn.XLOOKUP(B23,'w7'!$B:$B,'w7'!$G:$G)="--",0,_xlfn.XLOOKUP(B23,'w7'!$B:$B,'w7'!$G:$G)),0) -> 1513 | AT23: =_xlfn.RANK.EQ(AS23,AS$3:AS$10000,0) -> 8 | AU23: =IFERROR(_xlfn.XLOOKUP(B23,'w8'!$B:$B,'w8'!$C:$C),0) -> 32.7 | AV23: =_xlfn.RANK.EQ(AU23,AU$3:AU$10000,0) -> 30 | AW23: =IFERROR(_xlfn.XLOOKUP(B23,'w8'!$B:$B,'w8'!$F:$F),1) -> 0.26666667 | AX23: =_xlfn.RANK.EQ(AW23,AW$3:AW$10000,1) -> 29 | AY23: =IFERROR(IF(_xlfn.XLOOKUP(B23,'w8'!$B:$B,'w8'!$G:$G)="--",0,_xlfn.XLOOKUP(B23,'w8'!$B:$B,'w8'!$G:$G)),0) -> 436 | AZ23: =_xlfn.RANK.EQ(AY23,AY$3:AY$10000,0) -> 26 | BA23: =IFERROR(_xlfn.XLOOKUP(C23,'w9'!$B:$B,'w9'!$C:$C),0) -> 55.1 | BB23: =_xlfn.RANK.EQ(BA23,BA$3:BA$10000,0) -> 10 | BC23: =IFERROR(_xlfn.XLOOKUP(C23,'w9'!$B:$B,'w9'!$F:$F),1) -> 0.34583333 | BD23: =_xlfn.RANK.EQ(BC23,BC$3:BC$10000,1) -> 62 | BE23: =IFERROR(IF(_xlfn.XLOOKUP(C23,'w9'!$B:$B,'w9'!$G:$G)="--",0,_xlfn.XLOOKUP(C23,'w9'!$B:$B,'w9'!$G:$G)),0) -> 826 | BF23: =_xlfn.RANK.EQ(BE23,BE$3:BE$10000,0) -> 11 | BG23: =IFERROR(_xlfn.XLOOKUP(B23,'w10'!$B:$B,'w10'!$C:$C),0) -> 0 | BH23: =_xlfn.RANK.EQ(BG23,BG$3:BG$10000,0) -> 77 | BI23: =IFERROR(_xlfn.XLOOKUP(B23,'w10'!$B:$B,'w10'!$F:$F),1) -> 1 | BJ23: =_xlfn.RANK.EQ(BI23,BI$3:BI$10000,1) -> 76 | BK23: =IFERROR(IF(_xlfn.XLOOKUP(B23,'w10'!$B:$B,'w10'!$G:$G)="--",0,_xlfn.XLOOKUP(B23,'w10'!$B:$B,'w10'!$G:$G)),0) -> 0 | BL23: =_xlfn.RANK.EQ(BK23,BK$3:BK$10000,0) -> 76 | BM23: =IFERROR(_xlfn.XLOOKUP(B23,'w11'!$B:$B,'w11'!$C:$C),0) -> 37.7 | BN23: =_xlfn.RANK.EQ(BM23,BM$3:BM$10000,0) -> 19 | BO23: =IFERROR(_xlfn.XLOOKUP(B23,'w11'!$B:$B,'w11'!$F:$F),1) -> 0.55 | BP23: =_xlfn.RANK.EQ(BO23,BO$3:BO$10000,1) -> 73 | BQ23: =IFERROR(IF(_xlfn.XLOOKUP(B23,'w11'!$B:$B,'w11'!$G:$G)="--",0,_xlfn.XLOOKUP(B23,'w11'!$B:$B,'w11'!$G:$G)),0) -> 1044 | BR23: =_xlfn.RANK.EQ(BQ23,BQ$3:BQ$10000,0) -> 7 | BS23: =IFERROR(_xlfn.XLOOKUP(B23,'w12'!$B:$B,'w12'!$C:$C),0) -> 22.3 | BT23: =_xlfn.RANK.EQ(BS23,BS$3:BS$10000,0) -> 29 | BU23: =IFERROR(_xlfn.XLOOKUP(B23,'w12'!$B:$B,'w12'!$F:$F),1) -> 0.26736111 | BV23: =_xlfn.RANK.EQ(BU23,BU$3:BU$10000,1) -> 30 | BW23: =IFERROR(IF(_xlfn.XLOOKUP(B23,'w12'!$B:$B,'w12'!$G:$G)="--",0,_xlfn.XLOOKUP(B23,'w12'!$B:$B,'w12'!$G:$G)),0) -> 385 | BX23: =_xlfn.RANK.EQ(BW23,BW$3:BW$10000,0) -> 14 | BY23: =IFERROR(_xlfn.XLOOKUP(B23,'w13'!$B:$B,'w13'!$C:$C),0) -> 26.2 | BZ23: =_xlfn.RANK.EQ(BY23,BY$3:BY$10000,0) -> 32 | CA23: =IFERROR(_xlfn.XLOOKUP(B23,'w13'!$B:$B,'w13'!$F:$F),1) -> 0.29444444 | CB23: =_xlfn.RANK.EQ(CA23,CA$3:CA$10000,1) -> 47 | CC23: =IFERROR(IF(_xlfn.XLOOKUP(B23,'w13'!$B:$B,'w13'!$G:$G)="--",0,_xlfn.XLOOKUP(B23,'w13'!$B:$B,'w13'!$G:$G)),0) -> 436 | CD23: =_xlfn.RANK.EQ(CC23,CC$3:CC$10000,0) -> 20 | CE23: =IFERROR(_xlfn.XLOOKUP(B23,'w14'!$B:$B,'w14'!$C:$C),0) -> 41.5 | CF23: =_xlfn.RANK.EQ(CE23,CE$3:CE$10000,0) -> 18 | CG23: =IFERROR(_xlfn.XLOOKUP(B23,'w14'!$B:$B,'w14'!$F:$F),1) -> 0.31597222 | CH23: =_xlfn.RANK.EQ(CG23,CG$3:CG$10000,1) -> 46 | CI23: =IFERROR(IF(_xlfn.XLOOKUP(B23,'w14'!$B:$B,'w14'!$G:$G)="--",0,_xlfn.XLOOKUP(B23,'w14'!$B:$B,'w14'!$G:$G)),0) -> 984 | CJ23: =_xlfn.RANK.EQ(CI23,CI$3:CI$10000,0) -> 11 | CK23: =_xlfn.RANK.EQ(D23,D$3:D$10000,1) -> 21 | CL23: Pedro Simões | CM23: =SUM(E23,K23,Q23,W23,AC23,AI23,AO23,AU23,BA23,BG23,BM23,BS23,BY23,CE23) -> 448.9 | CN23: =_xlfn.RANK.EQ(CM23,CM$3:CM$10000) -> 22 | CO23: =IFERROR(SUM(PRODUCT(E23,G23),PRODUCT(K23,M23),PRODUCT(Q23,S23),PRODUCT(W23,Y23),PRODUCT(AC23,AE23),PRODUCT(AI23,AK23),PRODUCT(AO23,AQ23),PRODUCT(AU23,AW23),PRODUCT(BA23,BC23),PRODUCT(BG23,BI23),PRODUCT(BM23,BO23),PRODUCT(BS23,BU23),PRODUCT(BY23,CA23),PRODUCT(CE23,CG23))/CM23,1) -> 0.32969914 | CP23: =_xlfn.RANK.EQ(CO23,CO$3:CO$10000,1) -> 76 | CQ23: =SUM(I23,O23,U23,AA23,AG23,AM23,AS23,AY23,BE23,BK23,BQ23,BW23,CC23,CI23) -> 9197 | CR23: =_xlfn.RANK.EQ(CQ23,CQ$3:CQ$10000) -> 15 | CS23: =_xlfn.RANK.EQ(CT23,CT$3:CT$10000,1) -> 27 | CT23: =CV23*$CN$1+CX23*$CP$1+CZ23*$CR$1 -> 76.95 | CU23: =_xlfn.STDEV.S(F23,L23,R23,X23,AD23,AJ23,AP23,AV23,BB23,BH23,BN23,BT23,BZ23,CF23) -> 17.154277 | CV23: =_xlfn.RANK.EQ(CU23,CU$3:CU$10000,1) -> 77 | CW23: =_xlfn.STDEV.S(H23,N23,T23,Z23,AF23,AL23,AR23,AX23,BD23,BJ23,BP23,BV23,CB23,CH23) -> 20.372358 | CX23: =_xlfn.RANK.EQ(CW23,CW$3:CW$10000,1) -> 78 | CY23: =_xlfn.STDEV.S(J23,P23,V23,AB23,AH23,AN23,AT23,AZ23,BF23,BL23,BR23,BX23,CD23,CJ23) -> 18.071287 | CZ23: =_xlfn.RANK.EQ(CY23,CY$3:CY$10000,1) -> 74 | DA23: =SUM(COUNTIF(E23,">0"),COUNTIF(K23,">0"),COUNTIF(Q23,">0"),COUNTIF(W23,">0"),COUNTIF(AC23,">0"),COUNTIF(AI23,">0"),COUNTIF(AO23,">0"),COUNTIF(AU23,">0"),COUNTIF(BA23,">0"),COUNTIF(BG23,">0"),COUNTIF(BM23,">0"),COUNTIF(BS23,">0"),COUNTIF(BY23,">0"),COUNTIF(CE23,">0")) -> 13
B24: Inês Sepúlveda Inês Sepúlveda | C24: Inês Sepúlveda | D24: =CN24*$CN$1+CP24*$CP$1+CR24*$CR$1 -> 24.05 | E24: =IFERROR(_xlfn.XLOOKUP(B24,'w1'!$B:$B,'w1'!$C:$C),0) -> 42.7 | F24: =_xlfn.RANK.EQ(E24,E$3:E$10000,0) -> 17 | G24: =IFERROR(_xlfn.XLOOKUP(B24,'w1'!$B:$B,'w1'!$F:$F),1) -> 0.29027778 | H24: =_xlfn.RANK.EQ(G24,G$3:G$10000,1) -> 50 | I24: =IFERROR(IF(_xlfn.XLOOKUP(B24,'w1'!$B:$B,'w1'!$G:$G)="--",0,_xlfn.XLOOKUP(B24,'w1'!$B:$B,'w1'!$G:$G)),0) -> 1228 | J24: =_xlfn.RANK.EQ(I24,I$3:I$10000,0) -> 7 | K24: =IFERROR(_xlfn.XLOOKUP(B24,'w2'!$B:$B,'w2'!$C:$C),0) -> 16.6 | L24: =_xlfn.RANK.EQ(K24,K$3:K$10000,0) -> 49 | M24: =IFERROR(_xlfn.XLOOKUP(B24,'w2'!$B:$B,'w2'!$F:$F),1) -> 0.22916667 | N24: =_xlfn.RANK.EQ(M24,M$3:M$10000,1) -> 5 | O24: =IFERROR(IF(_xlfn.XLOOKUP(B24,'w2'!$B:$B,'w2'!$G:$G)="--",0,_xlfn.XLOOKUP(B24,'w2'!$B:$B,'w2'!$G:$G)),0) -> 169 | P24: =_xlfn.RANK.EQ(O24,O$3:O$10000,0) -> 43 | Q24: =IFERROR(_xlfn.XLOOKUP(B24,'w3'!$B:$B,'w3'!$C:$C),0) -> 29.1 | R24: =_xlfn.RANK.EQ(Q24,Q$3:Q$10000,0) -> 32 | S24: =IFERROR(_xlfn.XLOOKUP(B24,'w3'!$B:$B,'w3'!$F:$F),1) -> 0.24236111 | T24: =_xlfn.RANK.EQ(S24,S$3:S$10000,1) -> 13 | U24: =IFERROR(IF(_xlfn.XLOOKUP(B24,'w3'!$B:$B,'w3'!$G:$G)="--",0,_xlfn.XLOOKUP(B24,'w3'!$B:$B,'w3'!$G:$G)),0) -> 245 | V24: =_xlfn.RANK.EQ(U24,U$3:U$10000,0) -> 31 | W24: =IFERROR(_xlfn.XLOOKUP(B24,'w4'!$B:$B,'w4'!$C:$C),0) -> 26.5 | X24: =_xlfn.RANK.EQ(W24,W$3:W$10000,0) -> 29 | Y24: =IFERROR(_xlfn.XLOOKUP(B24,'w4'!$B:$B,'w4'!$F:$F),1) -> 0.24375 | Z24: =_xlfn.RANK.EQ(Y24,Y$3:Y$10000,1) -> 17 | AA24: =IFERROR(IF(_xlfn.XLOOKUP(B24,'w4'!$B:$B,'w4'!$G:$G)="--",0,_xlfn.XLOOKUP(B24,'w4'!$B:$B,'w4'!$G:$G)),0) -> 361 | AB24: =_xlfn.RANK.EQ(AA24,AA$3:AA$10000,0) -> 21 | AC24: =IFERROR(_xlfn.XLOOKUP(B24,'w5'!$B:$B,'w5'!$C:$C),0) -> 11.3 | AD24: =_xlfn.RANK.EQ(AC24,AC$3:AC$10000,0) -> 60 | AE24: =IFERROR(_xlfn.XLOOKUP(B24,'w5'!$B:$B,'w5'!$F:$F),1) -> 0.25694444 | AF24: =_xlfn.RANK.EQ(AE24,AE$3:AE$10000,1) -> 24 | AG24: =IFERROR(IF(_xlfn.XLOOKUP(B24,'w5'!$B:$B,'w5'!$G:$G)="--",0,_xlfn.XLOOKUP(B24,'w5'!$B:$B,'w5'!$G:$G)),0) -> 105 | AH24: =_xlfn.RANK.EQ(AG24,AG$3:AG$10000,0) -> 60 | AI24: =IFERROR(_xlfn.XLOOKUP(B24,'w6'!$B:$B,'w6'!$C:$C),0) -> 16.8 | AJ24: =_xlfn.RANK.EQ(AI24,AI$3:AI$10000,0) -> 33 | AK24: =IFERROR(_xlfn.XLOOKUP(B24,'w6'!$B:$B,'w6'!$F:$F),1) -> 0.22847222 | AL24: =_xlfn.RANK.EQ(AK24,AK$3:AK$10000,1) -> 5 | AM24: =IFERROR(IF(_xlfn.XLOOKUP(B24,'w6'!$B:$B,'w6'!$G:$G)="--",0,_xlfn.XLOOKUP(B24,'w6'!$B:$B,'w6'!$G:$G)),0) -> 235 | AN24: =_xlfn.RANK.EQ(AM24,AM$3:AM$10000,0) -> 33 | AO24: =IFERROR(_xlfn.XLOOKUP(B24,'w7'!$B:$B,'w7'!$C:$C),0) -> 30.6 | AP24: =_xlfn.RANK.EQ(AO24,AO$3:AO$10000,0) -> 24 | AQ24: =IFERROR(_xlfn.XLOOKUP(B24,'w7'!$B:$B,'w7'!$F:$F),1) -> 0.24166667 | AR24: =_xlfn.RANK.EQ(AQ24,AQ$3:AQ$10000,1) -> 13 | AS24: =IFERROR(IF(_xlfn.XLOOKUP(B24,'w7'!$B:$B,'w7'!$G:$G)="--",0,_xlfn.XLOOKUP(B24,'w7'!$B:$B,'w7'!$G:$G)),0) -> 280 | AT24: =_xlfn.RANK.EQ(AS24,AS$3:AS$10000,0) -> 32 | AU24: =IFERROR(_xlfn.XLOOKUP(B24,'w8'!$B:$B,'w8'!$C:$C),0) -> 37.2 | AV24: =_xlfn.RANK.EQ(AU24,AU$3:AU$10000,0) -> 26 | AW24: =IFERROR(_xlfn.XLOOKUP(B24,'w8'!$B:$B,'w8'!$F:$F),1) -> 0.26388889 | AX24: =_xlfn.RANK.EQ(AW24,AW$3:AW$10000,1) -> 27 | AY24: =IFERROR(IF(_xlfn.XLOOKUP(B24,'w8'!$B:$B,'w8'!$G:$G)="--",0,_xlfn.XLOOKUP(B24,'w8'!$B:$B,'w8'!$G:$G)),0) -> 735 | AZ24: =_xlfn.RANK.EQ(AY24,AY$3:AY$10000,0) -> 16 | BA24: =IFERROR(_xlfn.XLOOKUP(C24,'w9'!$B:$B,'w9'!$C:$C),0) -> 40.1 | BB24: =_xlfn.RANK.EQ(BA24,BA$3:BA$10000,0) -> 23 | BC24: =IFERROR(_xlfn.XLOOKUP(C24,'w9'!$B:$B,'w9'!$F:$F),1) -> 0.27916667 | BD24: =_xlfn.RANK.EQ(BC24,BC$3:BC$10000,1) -> 30 | BE24: =IFERROR(IF(_xlfn.XLOOKUP(C24,'w9'!$B:$B,'w9'!$G:$G)="--",0,_xlfn.XLOOKUP(C24,'w9'!$B:$B,'w9'!$G:$G)),0) -> 864 | BF24: =_xlfn.RANK.EQ(BE24,BE$3:BE$10000,0) -> 10 | BG24: =IFERROR(_xlfn.XLOOKUP(B24,'w10'!$B:$B,'w10'!$C:$C),0) -> 55.4 | BH24: =_xlfn.RANK.EQ(BG24,BG$3:BG$10000,0) -> 6 | BI24: =IFERROR(_xlfn.XLOOKUP(B24,'w10'!$B:$B,'w10'!$F:$F),1) -> 0.23611111 | BJ24: =_xlfn.RANK.EQ(BI24,BI$3:BI$10000,1) -> 13 | BK24: =IFERROR(IF(_xlfn.XLOOKUP(B24,'w10'!$B:$B,'w10'!$G:$G)="--",0,_xlfn.XLOOKUP(B24,'w10'!$B:$B,'w10'!$G:$G)),0) -> 707 | BL24: =_xlfn.RANK.EQ(BK24,BK$3:BK$10000,0) -> 18 | BM24: =IFERROR(_xlfn.XLOOKUP(B24,'w11'!$B:$B,'w11'!$C:$C),0) -> 54.2 | BN24: =_xlfn.RANK.EQ(BM24,BM$3:BM$10000,0) -> 8 | BO24: =IFERROR(_xlfn.XLOOKUP(B24,'w11'!$B:$B,'w11'!$F:$F),1) -> 0.27986111 | BP24: =_xlfn.RANK.EQ(BO24,BO$3:BO$10000,1) -> 39 | BQ24: =IFERROR(IF(_xlfn.XLOOKUP(B24,'w11'!$B:$B,'w11'!$G:$G)="--",0,_xlfn.XLOOKUP(B24,'w11'!$B:$B,'w11'!$G:$G)),0) -> 1776 | BR24: =_xlfn.RANK.EQ(BQ24,BQ$3:BQ$10000,0) -> 4 | BS24: =IFERROR(_xlfn.XLOOKUP(B24,'w12'!$B:$B,'w12'!$C:$C),0) -> 17.5 | BT24: =_xlfn.RANK.EQ(BS24,BS$3:BS$10000,0) -> 43 | BU24: =IFERROR(_xlfn.XLOOKUP(B24,'w12'!$B:$B,'w12'!$F:$F),1) -> 0.24166667 | BV24: =_xlfn.RANK.EQ(BU24,BU$3:BU$10000,1) -> 14 | BW24: =IFERROR(IF(_xlfn.XLOOKUP(B24,'w12'!$B:$B,'w12'!$G:$G)="--",0,_xlfn.XLOOKUP(B24,'w12'!$B:$B,'w12'!$G:$G)),0) -> 136 | BX24: =_xlfn.RANK.EQ(BW24,BW$3:BW$10000,0) -> 50 | BY24: =IFERROR(_xlfn.XLOOKUP(B24,'w13'!$B:$B,'w13'!$C:$C),0) -> 15.3 | BZ24: =_xlfn.RANK.EQ(BY24,BY$3:BY$10000,0) -> 55 | CA24: =IFERROR(_xlfn.XLOOKUP(B24,'w13'!$B:$B,'w13'!$F:$F),1) -> 0.25069444 | CB24: =_xlfn.RANK.EQ(CA24,CA$3:CA$10000,1) -> 24 | CC24: =IFERROR(IF(_xlfn.XLOOKUP(B24,'w13'!$B:$B,'w13'!$G:$G)="--",0,_xlfn.XLOOKUP(B24,'w13'!$B:$B,'w13'!$G:$G)),0) -> 52 | CD24: =_xlfn.RANK.EQ(CC24,CC$3:CC$10000,0) -> 67 | CE24: =IFERROR(_xlfn.XLOOKUP(B24,'w14'!$B:$B,'w14'!$C:$C),0) -> 20.2 | CF24: =_xlfn.RANK.EQ(CE24,CE$3:CE$10000,0) -> 43 | CG24: =IFERROR(_xlfn.XLOOKUP(B24,'w14'!$B:$B,'w14'!$F:$F),1) -> 0.32638889 | CH24: =_xlfn.RANK.EQ(CG24,CG$3:CG$10000,1) -> 48 | CI24: =IFERROR(IF(_xlfn.XLOOKUP(B24,'w14'!$B:$B,'w14'!$G:$G)="--",0,_xlfn.XLOOKUP(B24,'w14'!$B:$B,'w14'!$G:$G)),0) -> 81 | CJ24: =_xlfn.RANK.EQ(CI24,CI$3:CI$10000,0) -> 52 | CK24: =_xlfn.RANK.EQ(D24,D$3:D$10000,1) -> 22 | CL24: Inês Sepúlveda | CM24: =SUM(E24,K24,Q24,W24,AC24,AI24,AO24,AU24,BA24,BG24,BM24,BS24,BY24,CE24) -> 413.5 | CN24: =_xlfn.RANK.EQ(CM24,CM$3:CM$10000) -> 24 | CO24: =IFERROR(SUM(PRODUCT(E24,G24),PRODUCT(K24,M24),PRODUCT(Q24,S24),PRODUCT(W24,Y24),PRODUCT(AC24,AE24),PRODUCT(AI24,AK24),PRODUCT(AO24,AQ24),PRODUCT(AU24,AW24),PRODUCT(BA24,BC24),PRODUCT(BG24,BI24),PRODUCT(BM24,BO24),PRODUCT(BS24,BU24),PRODUCT(BY24,CA24),PRODUCT(CE24,CG24))/CM24,1) -> 0.26061921 | CP24: =_xlfn.RANK.EQ(CO24,CO$3:CO$10000,1) -> 29 | CQ24: =SUM(I24,O24,U24,AA24,AG24,AM24,AS24,AY24,BE24,BK24,BQ24,BW24,CC24,CI24) -> 6974 | CR24: =_xlfn.RANK.EQ(CQ24,CQ$3:CQ$10000) -> 21 | CS24: =_xlfn.RANK.EQ(CT24,CT$3:CT$10000,1) -> 22 | CT24: =CV24*$CN$1+CX24*$CP$1+CZ24*$CR$1 -> 63.325 | CU24: =_xlfn.STDEV.S(F24,L24,R24,X24,AD24,AJ24,AP24,AV24,BB24,BH24,BN24,BT24,BZ24,CF24) -> 16.436357 | CV24: =_xlfn.RANK.EQ(CU24,CU$3:CU$10000,1) -> 63 | CW24: =_xlfn.STDEV.S(H24,N24,T24,Z24,AF24,AL24,AR24,AX24,BD24,BJ24,BP24,BV24,CB24,CH24) -> 14.523191 | CX24: =_xlfn.RANK.EQ(CW24,CW$3:CW$10000,1) -> 52 | CY24: =_xlfn.STDEV.S(J24,P24,V24,AB24,AH24,AN24,AT24,AZ24,BF24,BL24,BR24,BX24,CD24,CJ24) -> 20.231083 | CZ24: =_xlfn.RANK.EQ(CY24,CY$3:CY$10000,1) -> 87 | DA24: =SUM(COUNTIF(E24,">0"),COUNTIF(K24,">0"),COUNTIF(Q24,">0"),COUNTIF(W24,">0"),COUNTIF(AC24,">0"),COUNTIF(AI24,">0"),COUNTIF(AO24,">0"),COUNTIF(AU24,">0"),COUNTIF(BA24,">0"),COUNTIF(BG24,">0"),COUNTIF(BM24,">0"),COUNTIF(BS24,">0"),COUNTIF(BY24,">0"),COUNTIF(CE24,">0")) -> 14
B25: Cesar Moreira Cesar Moreira | C25: Cesar Moreira | D25: =CN25*$CN$1+CP25*$CP$1+CR25*$CR$1 -> 24.475 | E25: =IFERROR(_xlfn.XLOOKUP(B25,'w1'!$B:$B,'w1'!$C:$C),0) -> 18.6 | F25: =_xlfn.RANK.EQ(E25,E$3:E$10000,0) -> 44 | G25: =IFERROR(_xlfn.XLOOKUP(B25,'w1'!$B:$B,'w1'!$F:$F),1) -> 0.89027778 | H25: =_xlfn.RANK.EQ(G25,G$3:G$10000,1) -> 78 | I25: =IFERROR(IF(_xlfn.XLOOKUP(B25,'w1'!$B:$B,'w1'!$G:$G)="--",0,_xlfn.XLOOKUP(B25,'w1'!$B:$B,'w1'!$G:$G)),0) -> 98 | J25: =_xlfn.RANK.EQ(I25,I$3:I$10000,0) -> 54 | K25: =IFERROR(_xlfn.XLOOKUP(B25,'w2'!$B:$B,'w2'!$C:$C),0) -> 32.8 | L25: =_xlfn.RANK.EQ(K25,K$3:K$10000,0) -> 23 | M25: =IFERROR(_xlfn.XLOOKUP(B25,'w2'!$B:$B,'w2'!$F:$F),1) -> 0.82430556 | N25: =_xlfn.RANK.EQ(M25,M$3:M$10000,1) -> 71 | O25: =IFERROR(IF(_xlfn.XLOOKUP(B25,'w2'!$B:$B,'w2'!$G:$G)="--",0,_xlfn.XLOOKUP(B25,'w2'!$B:$B,'w2'!$G:$G)),0) -> 69 | P25: =_xlfn.RANK.EQ(O25,O$3:O$10000,0) -> 59 | Q25: =IFERROR(_xlfn.XLOOKUP(B25,'w3'!$B:$B,'w3'!$C:$C),0) -> 37.7 | R25: =_xlfn.RANK.EQ(Q25,Q$3:Q$10000,0) -> 22 | S25: =IFERROR(_xlfn.XLOOKUP(B25,'w3'!$B:$B,'w3'!$F:$F),1) -> 0.65208333 | T25: =_xlfn.RANK.EQ(S25,S$3:S$10000,1) -> 82 | U25: =IFERROR(IF(_xlfn.XLOOKUP(B25,'w3'!$B:$B,'w3'!$G:$G)="--",0,_xlfn.XLOOKUP(B25,'w3'!$B:$B,'w3'!$G:$G)),0) -> 125 | V25: =_xlfn.RANK.EQ(U25,U$3:U$10000,0) -> 50 | W25: =IFERROR(_xlfn.XLOOKUP(B25,'w4'!$B:$B,'w4'!$C:$C),0) -> 26.9 | X25: =_xlfn.RANK.EQ(W25,W$3:W$10000,0) -> 28 | Y25: =IFERROR(_xlfn.XLOOKUP(B25,'w4'!$B:$B,'w4'!$F:$F),1) -> 0.71597222 | Z25: =_xlfn.RANK.EQ(Y25,Y$3:Y$10000,1) -> 74 | AA25: =IFERROR(IF(_xlfn.XLOOKUP(B25,'w4'!$B:$B,'w4'!$G:$G)="--",0,_xlfn.XLOOKUP(B25,'w4'!$B:$B,'w4'!$G:$G)),0) -> 0 | AB25: =_xlfn.RANK.EQ(AA25,AA$3:AA$10000,0) -> 68 | AC25: =IFERROR(_xlfn.XLOOKUP(B25,'w5'!$B:$B,'w5'!$C:$C),0) -> 44.1 | AD25: =_xlfn.RANK.EQ(AC25,AC$3:AC$10000,0) -> 16 | AE25: =IFERROR(_xlfn.XLOOKUP(B25,'w5'!$B:$B,'w5'!$F:$F),1) -> 0.66041667 | AF25: =_xlfn.RANK.EQ(AE25,AE$3:AE$10000,1) -> 75 | AG25: =IFERROR(IF(_xlfn.XLOOKUP(B25,'w5'!$B:$B,'w5'!$G:$G)="--",0,_xlfn.XLOOKUP(B25,'w5'!$B:$B,'w5'!$G:$G)),0) -> 46 | AH25: =_xlfn.RANK.EQ(AG25,AG$3:AG$10000,0) -> 69 | AI25: =IFERROR(_xlfn.XLOOKUP(B25,'w6'!$B:$B,'w6'!$C:$C),0) -> 35.8 | AJ25: =_xlfn.RANK.EQ(AI25,AI$3:AI$10000,0) -> 13 | AK25: =IFERROR(_xlfn.XLOOKUP(B25,'w6'!$B:$B,'w6'!$F:$F),1) -> 0.59236111 | AL25: =_xlfn.RANK.EQ(AK25,AK$3:AK$10000,1) -> 64 | AM25: =IFERROR(IF(_xlfn.XLOOKUP(B25,'w6'!$B:$B,'w6'!$G:$G)="--",0,_xlfn.XLOOKUP(B25,'w6'!$B:$B,'w6'!$G:$G)),0) -> 0 | AN25: =_xlfn.RANK.EQ(AM25,AM$3:AM$10000,0) -> 61 | AO25: =IFERROR(_xlfn.XLOOKUP(B25,'w7'!$B:$B,'w7'!$C:$C),0) -> 43 | AP25: =_xlfn.RANK.EQ(AO25,AO$3:AO$10000,0) -> 15 | AQ25: =IFERROR(_xlfn.XLOOKUP(B25,'w7'!$B:$B,'w7'!$F:$F),1) -> 0.56875 | AR25: =_xlfn.RANK.EQ(AQ25,AQ$3:AQ$10000,1) -> 70 | AS25: =IFERROR(IF(_xlfn.XLOOKUP(B25,'w7'!$B:$B,'w7'!$G:$G)="--",0,_xlfn.XLOOKUP(B25,'w7'!$B:$B,'w7'!$G:$G)),0) -> 46 | AT25: =_xlfn.RANK.EQ(AS25,AS$3:AS$10000,0) -> 61 | AU25: =IFERROR(_xlfn.XLOOKUP(B25,'w8'!$B:$B,'w8'!$C:$C),0) -> 37.5 | AV25: =_xlfn.RANK.EQ(AU25,AU$3:AU$10000,0) -> 24 | AW25: =IFERROR(_xlfn.XLOOKUP(B25,'w8'!$B:$B,'w8'!$F:$F),1) -> 0.53125 | AX25: =_xlfn.RANK.EQ(AW25,AW$3:AW$10000,1) -> 72 | AY25: =IFERROR(IF(_xlfn.XLOOKUP(B25,'w8'!$B:$B,'w8'!$G:$G)="--",0,_xlfn.XLOOKUP(B25,'w8'!$B:$B,'w8'!$G:$G)),0) -> 65 | AZ25: =_xlfn.RANK.EQ(AY25,AY$3:AY$10000,0) -> 56 | BA25: =IFERROR(_xlfn.XLOOKUP(C25,'w9'!$B:$B,'w9'!$C:$C),0) -> 26.6 | BB25: =_xlfn.RANK.EQ(BA25,BA$3:BA$10000,0) -> 42 | BC25: =IFERROR(_xlfn.XLOOKUP(C25,'w9'!$B:$B,'w9'!$F:$F),1) -> 0.48125 | BD25: =_xlfn.RANK.EQ(BC25,BC$3:BC$10000,1) -> 72 | BE25: =IFERROR(IF(_xlfn.XLOOKUP(C25,'w9'!$B:$B,'w9'!$G:$G)="--",0,_xlfn.XLOOKUP(C25,'w9'!$B:$B,'w9'!$G:$G)),0) -> 40 | BF25: =_xlfn.RANK.EQ(BE25,BE$3:BE$10000,0) -> 67 | BG25: =IFERROR(_xlfn.XLOOKUP(B25,'w10'!$B:$B,'w10'!$C:$C),0) -> 43.4 | BH25: =_xlfn.RANK.EQ(BG25,BG$3:BG$10000,0) -> 18 | BI25: =IFERROR(_xlfn.XLOOKUP(B25,'w10'!$B:$B,'w10'!$F:$F),1) -> 0.62361111 | BJ25: =_xlfn.RANK.EQ(BI25,BI$3:BI$10000,1) -> 74 | BK25: =IFERROR(IF(_xlfn.XLOOKUP(B25,'w10'!$B:$B,'w10'!$G:$G)="--",0,_xlfn.XLOOKUP(B25,'w10'!$B:$B,'w10'!$G:$G)),0) -> 104 | BL25: =_xlfn.RANK.EQ(BK25,BK$3:BK$10000,0) -> 58 | BM25: =IFERROR(_xlfn.XLOOKUP(B25,'w11'!$B:$B,'w11'!$C:$C),0) -> 27.2 | BN25: =_xlfn.RANK.EQ(BM25,BM$3:BM$10000,0) -> 31 | BO25: =IFERROR(_xlfn.XLOOKUP(B25,'w11'!$B:$B,'w11'!$F:$F),1) -> 0.58263889 | BP25: =_xlfn.RANK.EQ(BO25,BO$3:BO$10000,1) -> 74 | BQ25: =IFERROR(IF(_xlfn.XLOOKUP(B25,'w11'!$B:$B,'w11'!$G:$G)="--",0,_xlfn.XLOOKUP(B25,'w11'!$B:$B,'w11'!$G:$G)),0) -> 0 | BR25: =_xlfn.RANK.EQ(BQ25,BQ$3:BQ$10000,0) -> 75 | BS25: =IFERROR(_xlfn.XLOOKUP(B25,'w12'!$B:$B,'w12'!$C:$C),0) -> 37.1 | BT25: =_xlfn.RANK.EQ(BS25,BS$3:BS$10000,0) -> 17 | BU25: =IFERROR(_xlfn.XLOOKUP(B25,'w12'!$B:$B,'w12'!$F:$F),1) -> 0.64236111 | BV25: =_xlfn.RANK.EQ(BU25,BU$3:BU$10000,1) -> 74 | BW25: =IFERROR(IF(_xlfn.XLOOKUP(B25,'w12'!$B:$B,'w12'!$G:$G)="--",0,_xlfn.XLOOKUP(B25,'w12'!$B:$B,'w12'!$G:$G)),0) -> 176 | BX25: =_xlfn.RANK.EQ(BW25,BW$3:BW$10000,0) -> 43 | BY25: =IFERROR(_xlfn.XLOOKUP(B25,'w13'!$B:$B,'w13'!$C:$C),0) -> 35.8 | BZ25: =_xlfn.RANK.EQ(BY25,BY$3:BY$10000,0) -> 19 | CA25: =IFERROR(_xlfn.XLOOKUP(B25,'w13'!$B:$B,'w13'!$F:$F),1) -> 0.52430556 | CB25: =_xlfn.RANK.EQ(CA25,CA$3:CA$10000,1) -> 73 | CC25: =IFERROR(IF(_xlfn.XLOOKUP(B25,'w13'!$B:$B,'w13'!$G:$G)="--",0,_xlfn.XLOOKUP(B25,'w13'!$B:$B,'w13'!$G:$G)),0) -> 83 | CD25: =_xlfn.RANK.EQ(CC25,CC$3:CC$10000,0) -> 56 | CE25: =IFERROR(_xlfn.XLOOKUP(B25,'w14'!$B:$B,'w14'!$C:$C),0) -> 24.2 | CF25: =_xlfn.RANK.EQ(CE25,CE$3:CE$10000,0) -> 38 | CG25: =IFERROR(_xlfn.XLOOKUP(B25,'w14'!$B:$B,'w14'!$F:$F),1) -> 0.51805556 | CH25: =_xlfn.RANK.EQ(CG25,CG$3:CG$10000,1) -> 66 | CI25: =IFERROR(IF(_xlfn.XLOOKUP(B25,'w14'!$B:$B,'w14'!$G:$G)="--",0,_xlfn.XLOOKUP(B25,'w14'!$B:$B,'w14'!$G:$G)),0) -> 68 | CJ25: =_xlfn.RANK.EQ(CI25,CI$3:CI$10000,0) -> 54 | CK25: =_xlfn.RANK.EQ(D25,D$3:D$10000,1) -> 23 | CL25: César Moreira | CM25: =SUM(E25,K25,Q25,W25,AC25,AI25,AO25,AU25,BA25,BG25,BM25,BS25,BY25,CE25) -> 470.7 | CN25: =_xlfn.RANK.EQ(CM25,CM$3:CM$10000) -> 21 | CO25: =IFERROR(SUM(PRODUCT(E25,G25),PRODUCT(K25,M25),PRODUCT(Q25,S25),PRODUCT(W25,Y25),PRODUCT(AC25,AE25),PRODUCT(AI25,AK25),PRODUCT(AO25,AQ25),PRODUCT(AU25,AW25),PRODUCT(BA25,BC25),PRODUCT(BG25,BI25),PRODUCT(BM25,BO25),PRODUCT(BS25,BU25),PRODUCT(BY25,CA25),PRODUCT(CE25,CG25))/CM25,1) -> 0.62247937 | CP25: =_xlfn.RANK.EQ(CO25,CO$3:CO$10000,1) -> 103 | CQ25: =SUM(I25,O25,U25,AA25,AG25,AM25,AS25,AY25,BE25,BK25,BQ25,BW25,CC25,CI25) -> 920 | CR25: =_xlfn.RANK.EQ(CQ25,CQ$3:CQ$10000) -> 78 | CS25: =_xlfn.RANK.EQ(CT25,CT$3:CT$10000,1) -> 7 | CT25: =CV25*$CN$1+CX25*$CP$1+CZ25*$CR$1 -> 31 | CU25: =_xlfn.STDEV.S(F25,L25,R25,X25,AD25,AJ25,AP25,AV25,BB25,BH25,BN25,BT25,BZ25,CF25) -> 10.198039 | CV25: =_xlfn.RANK.EQ(CU25,CU$3:CU$10000,1) -> 32 | CW25: =_xlfn.STDEV.S(H25,N25,T25,Z25,AF25,AL25,AR25,AX25,BD25,BJ25,BP25,BV25,CB25,CH25) -> 4.4579846 | CX25: =_xlfn.RANK.EQ(CW25,CW$3:CW$10000,1) -> 4 | CY25: =_xlfn.STDEV.S(J25,P25,V25,AB25,AH25,AN25,AT25,AZ25,BF25,BL25,BR25,BX25,CD25,CJ25) -> 8.3813634 | CZ25: =_xlfn.RANK.EQ(CY25,CY$3:CY$10000,1) -> 20 | DA25: =SUM(COUNTIF(E25,">0"),COUNTIF(K25,">0"),COUNTIF(Q25,">0"),COUNTIF(W25,">0"),COUNTIF(AC25,">0"),COUNTIF(AI25,">0"),COUNTIF(AO25,">0"),COUNTIF(AU25,">0"),COUNTIF(BA25,">0"),COUNTIF(BG25,">0"),COUNTIF(BM25,">0"),COUNTIF(BS25,">0"),COUNTIF(BY25,">0"),COUNTIF(CE25,">0")) -> 14
B26: Ana Chocalheiro Ana Chocalheiro | C26: Ana Chocalheiro | D26: =CN26*$CN$1+CP26*$CP$1+CR26*$CR$1 -> 24.475 | E26: =IFERROR(_xlfn.XLOOKUP(B26,'w1'!$B:$B,'w1'!$C:$C),0) -> 35.1 | F26: =_xlfn.RANK.EQ(E26,E$3:E$10000,0) -> 24 | G26: =IFERROR(_xlfn.XLOOKUP(B26,'w1'!$B:$B,'w1'!$F:$F),1) -> 0.34652778 | H26: =_xlfn.RANK.EQ(G26,G$3:G$10000,1) -> 68 | I26: =IFERROR(IF(_xlfn.XLOOKUP(B26,'w1'!$B:$B,'w1'!$G:$G)="--",0,_xlfn.XLOOKUP(B26,'w1'!$B:$B,'w1'!$G:$G)),0) -> 667 | J26: =_xlfn.RANK.EQ(I26,I$3:I$10000,0) -> 14 | K26: =IFERROR(_xlfn.XLOOKUP(B26,'w2'!$B:$B,'w2'!$C:$C),0) -> 22.4 | L26: =_xlfn.RANK.EQ(K26,K$3:K$10000,0) -> 40 | M26: =IFERROR(_xlfn.XLOOKUP(B26,'w2'!$B:$B,'w2'!$F:$F),1) -> 0.31041667 | N26: =_xlfn.RANK.EQ(M26,M$3:M$10000,1) -> 48 | O26: =IFERROR(IF(_xlfn.XLOOKUP(B26,'w2'!$B:$B,'w2'!$G:$G)="--",0,_xlfn.XLOOKUP(B26,'w2'!$B:$B,'w2'!$G:$G)),0) -> 441 | P26: =_xlfn.RANK.EQ(O26,O$3:O$10000,0) -> 22 | Q26: =IFERROR(_xlfn.XLOOKUP(B26,'w3'!$B:$B,'w3'!$C:$C),0) -> 40.5 | R26: =_xlfn.RANK.EQ(Q26,Q$3:Q$10000,0) -> 18 | S26: =IFERROR(_xlfn.XLOOKUP(B26,'w3'!$B:$B,'w3'!$F:$F),1) -> 0.34861111 | T26: =_xlfn.RANK.EQ(S26,S$3:S$10000,1) -> 72 | U26: =IFERROR(IF(_xlfn.XLOOKUP(B26,'w3'!$B:$B,'w3'!$G:$G)="--",0,_xlfn.XLOOKUP(B26,'w3'!$B:$B,'w3'!$G:$G)),0) -> 1108 | V26: =_xlfn.RANK.EQ(U26,U$3:U$10000,0) -> 11 | W26: =IFERROR(_xlfn.XLOOKUP(B26,'w4'!$B:$B,'w4'!$C:$C),0) -> 10.2 | X26: =_xlfn.RANK.EQ(W26,W$3:W$10000,0) -> 58 | Y26: =IFERROR(_xlfn.XLOOKUP(B26,'w4'!$B:$B,'w4'!$F:$F),1) -> 0.34166667 | Z26: =_xlfn.RANK.EQ(Y26,Y$3:Y$10000,1) -> 61 | AA26: =IFERROR(IF(_xlfn.XLOOKUP(B26,'w4'!$B:$B,'w4'!$G:$G)="--",0,_xlfn.XLOOKUP(B26,'w4'!$B:$B,'w4'!$G:$G)),0) -> 296 | AB26: =_xlfn.RANK.EQ(AA26,AA$3:AA$10000,0) -> 27 | AC26: =IFERROR(_xlfn.XLOOKUP(B26,'w5'!$B:$B,'w5'!$C:$C),0) -> 42 | AD26: =_xlfn.RANK.EQ(AC26,AC$3:AC$10000,0) -> 20 | AE26: =IFERROR(_xlfn.XLOOKUP(B26,'w5'!$B:$B,'w5'!$F:$F),1) -> 0.50208333 | AF26: =_xlfn.RANK.EQ(AE26,AE$3:AE$10000,1) -> 72 | AG26: =IFERROR(IF(_xlfn.XLOOKUP(B26,'w5'!$B:$B,'w5'!$G:$G)="--",0,_xlfn.XLOOKUP(B26,'w5'!$B:$B,'w5'!$G:$G)),0) -> 1660 | AH26: =_xlfn.RANK.EQ(AG26,AG$3:AG$10000,0) -> 7 | AI26: =IFERROR(_xlfn.XLOOKUP(B26,'w6'!$B:$B,'w6'!$C:$C),0) -> 20.4 | AJ26: =_xlfn.RANK.EQ(AI26,AI$3:AI$10000,0) -> 31 | AK26: =IFERROR(_xlfn.XLOOKUP(B26,'w6'!$B:$B,'w6'!$F:$F),1) -> 0.35763889 | AL26: =_xlfn.RANK.EQ(AK26,AK$3:AK$10000,1) -> 54 | AM26: =IFERROR(IF(_xlfn.XLOOKUP(B26,'w6'!$B:$B,'w6'!$G:$G)="--",0,_xlfn.XLOOKUP(B26,'w6'!$B:$B,'w6'!$G:$G)),0) -> 410 | AN26: =_xlfn.RANK.EQ(AM26,AM$3:AM$10000,0) -> 17 | AO26: =IFERROR(_xlfn.XLOOKUP(B26,'w7'!$B:$B,'w7'!$C:$C),0) -> 47.9 | AP26: =_xlfn.RANK.EQ(AO26,AO$3:AO$10000,0) -> 13 | AQ26: =IFERROR(_xlfn.XLOOKUP(B26,'w7'!$B:$B,'w7'!$F:$F),1) -> 0.43402778 | AR26: =_xlfn.RANK.EQ(AQ26,AQ$3:AQ$10000,1) -> 66 | AS26: =IFERROR(IF(_xlfn.XLOOKUP(B26,'w7'!$B:$B,'w7'!$G:$G)="--",0,_xlfn.XLOOKUP(B26,'w7'!$B:$B,'w7'!$G:$G)),0) -> 1731 | AT26: =_xlfn.RANK.EQ(AS26,AS$3:AS$10000,0) -> 5 | AU26: =IFERROR(_xlfn.XLOOKUP(B26,'w8'!$B:$B,'w8'!$C:$C),0) -> 52.2 | AV26: =_xlfn.RANK.EQ(AU26,AU$3:AU$10000,0) -> 11 | AW26: =IFERROR(_xlfn.XLOOKUP(B26,'w8'!$B:$B,'w8'!$F:$F),1) -> 0.36527778 | AX26: =_xlfn.RANK.EQ(AW26,AW$3:AW$10000,1) -> 65 | AY26: =IFERROR(IF(_xlfn.XLOOKUP(B26,'w8'!$B:$B,'w8'!$G:$G)="--",0,_xlfn.XLOOKUP(B26,'w8'!$B:$B,'w8'!$G:$G)),0) -> 1359 | AZ26: =_xlfn.RANK.EQ(AY26,AY$3:AY$10000,0) -> 9 | BA26: =IFERROR(_xlfn.XLOOKUP(C26,'w9'!$B:$B,'w9'!$C:$C),0) -> 22.4 | BB26: =_xlfn.RANK.EQ(BA26,BA$3:BA$10000,0) -> 52 | BC26: =IFERROR(_xlfn.XLOOKUP(C26,'w9'!$B:$B,'w9'!$F:$F),1) -> 0.31666667 | BD26: =_xlfn.RANK.EQ(BC26,BC$3:BC$10000,1) -> 50 | BE26: =IFERROR(IF(_xlfn.XLOOKUP(C26,'w9'!$B:$B,'w9'!$G:$G)="--",0,_xlfn.XLOOKUP(C26,'w9'!$B:$B,'w9'!$G:$G)),0) -> 236 | BF26: =_xlfn.RANK.EQ(BE26,BE$3:BE$10000,0) -> 49 | BG26: =IFERROR(_xlfn.XLOOKUP(B26,'w10'!$B:$B,'w10'!$C:$C),0) -> 34.5 | BH26: =_xlfn.RANK.EQ(BG26,BG$3:BG$10000,0) -> 25 | BI26: =IFERROR(_xlfn.XLOOKUP(B26,'w10'!$B:$B,'w10'!$F:$F),1) -> 0.33819444 | BJ26: =_xlfn.RANK.EQ(BI26,BI$3:BI$10000,1) -> 65 | BK26: =IFERROR(IF(_xlfn.XLOOKUP(B26,'w10'!$B:$B,'w10'!$G:$G)="--",0,_xlfn.XLOOKUP(B26,'w10'!$B:$B,'w10'!$G:$G)),0) -> 860 | BL26: =_xlfn.RANK.EQ(BK26,BK$3:BK$10000,0) -> 12 | BM26: =IFERROR(_xlfn.XLOOKUP(B26,'w11'!$B:$B,'w11'!$C:$C),0) -> 0 | BN26: =_xlfn.RANK.EQ(BM26,BM$3:BM$10000,0) -> 76 | BO26: =IFERROR(_xlfn.XLOOKUP(B26,'w11'!$B:$B,'w11'!$F:$F),1) -> 1 | BP26: =_xlfn.RANK.EQ(BO26,BO$3:BO$10000,1) -> 76 | BQ26: =IFERROR(IF(_xlfn.XLOOKUP(B26,'w11'!$B:$B,'w11'!$G:$G)="--",0,_xlfn.XLOOKUP(B26,'w11'!$B:$B,'w11'!$G:$G)),0) -> 0 | BR26: =_xlfn.RANK.EQ(BQ26,BQ$3:BQ$10000,0) -> 75 | BS26: =IFERROR(_xlfn.XLOOKUP(B26,'w12'!$B:$B,'w12'!$C:$C),0) -> 18.9 | BT26: =_xlfn.RANK.EQ(BS26,BS$3:BS$10000,0) -> 37 | BU26: =IFERROR(_xlfn.XLOOKUP(B26,'w12'!$B:$B,'w12'!$F:$F),1) -> 0.32777778 | BV26: =_xlfn.RANK.EQ(BU26,BU$3:BU$10000,1) -> 58 | BW26: =IFERROR(IF(_xlfn.XLOOKUP(B26,'w12'!$B:$B,'w12'!$G:$G)="--",0,_xlfn.XLOOKUP(B26,'w12'!$B:$B,'w12'!$G:$G)),0) -> 297 | BX26: =_xlfn.RANK.EQ(BW26,BW$3:BW$10000,0) -> 22 | BY26: =IFERROR(_xlfn.XLOOKUP(B26,'w13'!$B:$B,'w13'!$C:$C),0) -> 39.9 | BZ26: =_xlfn.RANK.EQ(BY26,BY$3:BY$10000,0) -> 15 | CA26: =IFERROR(_xlfn.XLOOKUP(B26,'w13'!$B:$B,'w13'!$F:$F),1) -> 0.3625 | CB26: =_xlfn.RANK.EQ(CA26,CA$3:CA$10000,1) -> 61 | CC26: =IFERROR(IF(_xlfn.XLOOKUP(B26,'w13'!$B:$B,'w13'!$G:$G)="--",0,_xlfn.XLOOKUP(B26,'w13'!$B:$B,'w13'!$G:$G)),0) -> 1178 | CD26: =_xlfn.RANK.EQ(CC26,CC$3:CC$10000,0) -> 10 | CE26: =IFERROR(_xlfn.XLOOKUP(B26,'w14'!$B:$B,'w14'!$C:$C),0) -> 33.2 | CF26: =_xlfn.RANK.EQ(CE26,CE$3:CE$10000,0) -> 29 | CG26: =IFERROR(_xlfn.XLOOKUP(B26,'w14'!$B:$B,'w14'!$F:$F),1) -> 0.33541667 | CH26: =_xlfn.RANK.EQ(CG26,CG$3:CG$10000,1) -> 53 | CI26: =IFERROR(IF(_xlfn.XLOOKUP(B26,'w14'!$B:$B,'w14'!$G:$G)="--",0,_xlfn.XLOOKUP(B26,'w14'!$B:$B,'w14'!$G:$G)),0) -> 712 | CJ26: =_xlfn.RANK.EQ(CI26,CI$3:CI$10000,0) -> 15 | CK26: =_xlfn.RANK.EQ(D26,D$3:D$10000,1) -> 23 | CL26: Ana Chocalheiro | CM26: =SUM(E26,K26,Q26,W26,AC26,AI26,AO26,AU26,BA26,BG26,BM26,BS26,BY26,CE26) -> 419.6 | CN26: =_xlfn.RANK.EQ(CM26,CM$3:CM$10000) -> 23 | CO26: =IFERROR(SUM(PRODUCT(E26,G26),PRODUCT(K26,M26),PRODUCT(Q26,S26),PRODUCT(W26,Y26),PRODUCT(AC26,AE26),PRODUCT(AI26,AK26),PRODUCT(AO26,AQ26),PRODUCT(AU26,AW26),PRODUCT(BA26,BC26),PRODUCT(BG26,BI26),PRODUCT(BM26,BO26),PRODUCT(BS26,BU26),PRODUCT(BY26,CA26),PRODUCT(CE26,CG26))/CM26,1) -> 0.37063059 | CP26: =_xlfn.RANK.EQ(CO26,CO$3:CO$10000,1) -> 93 | CQ26: =SUM(I26,O26,U26,AA26,AG26,AM26,AS26,AY26,BE26,BK26,BQ26,BW26,CC26,CI26) -> 10955 | CR26: =_xlfn.RANK.EQ(CQ26,CQ$3:CQ$10000) -> 12 | CS26: =_xlfn.RANK.EQ(CT26,CT$3:CT$10000,1) -> 30 | CT26: =CV26*$CN$1+CX26*$CP$1+CZ26*$CR$1 -> 86.075 | CU26: =_xlfn.STDEV.S(F26,L26,R26,X26,AD26,AJ26,AP26,AV26,BB26,BH26,BN26,BT26,BZ26,CF26) -> 18.922775 | CV26: =_xlfn.RANK.EQ(CU26,CU$3:CU$10000,1) -> 88 | CW26: =_xlfn.STDEV.S(H26,N26,T26,Z26,AF26,AL26,AR26,AX26,BD26,BJ26,BP26,BV26,CB26,CH26) -> 8.6332478 | CX26: =_xlfn.RANK.EQ(CW26,CW$3:CW$10000,1) -> 18 | CY26: =_xlfn.STDEV.S(J26,P26,V26,AB26,AH26,AN26,AT26,AZ26,BF26,BL26,BR26,BX26,CD26,CJ26) -> 19.088717 | CZ26: =_xlfn.RANK.EQ(CY26,CY$3:CY$10000,1) -> 81 | DA26: =SUM(COUNTIF(E26,">0"),COUNTIF(K26,">0"),COUNTIF(Q26,">0"),COUNTIF(W26,">0"),COUNTIF(AC26,">0"),COUNTIF(AI26,">0"),COUNTIF(AO26,">0"),COUNTIF(AU26,">0"),COUNTIF(BA26,">0"),COUNTIF(BG26,">0"),COUNTIF(BM26,">0"),COUNTIF(BS26,">0"),COUNTIF(BY26,">0"),COUNTIF(CE26,">0")) -> 13
B27: Miguel Dias Miguel Dias | C27: Miguel Dias | D27: =CN27*$CN$1+CP27*$CP$1+CR27*$CR$1 -> 26.4 | E27: =IFERROR(_xlfn.XLOOKUP(B27,'w1'!$B:$B,'w1'!$C:$C),0) -> 38.7 | F27: =_xlfn.RANK.EQ(E27,E$3:E$10000,0) -> 19 | G27: =IFERROR(_xlfn.XLOOKUP(B27,'w1'!$B:$B,'w1'!$F:$F),1) -> 0.27152778 | H27: =_xlfn.RANK.EQ(G27,G$3:G$10000,1) -> 38 | I27: =IFERROR(IF(_xlfn.XLOOKUP(B27,'w1'!$B:$B,'w1'!$G:$G)="--",0,_xlfn.XLOOKUP(B27,'w1'!$B:$B,'w1'!$G:$G)),0) -> 244 | J27: =_xlfn.RANK.EQ(I27,I$3:I$10000,0) -> 41 | K27: =IFERROR(_xlfn.XLOOKUP(B27,'w2'!$B:$B,'w2'!$C:$C),0) -> 62.9 | L27: =_xlfn.RANK.EQ(K27,K$3:K$10000,0) -> 6 | M27: =IFERROR(_xlfn.XLOOKUP(B27,'w2'!$B:$B,'w2'!$F:$F),1) -> 0.26805556 | N27: =_xlfn.RANK.EQ(M27,M$3:M$10000,1) -> 26 | O27: =IFERROR(IF(_xlfn.XLOOKUP(B27,'w2'!$B:$B,'w2'!$G:$G)="--",0,_xlfn.XLOOKUP(B27,'w2'!$B:$B,'w2'!$G:$G)),0) -> 433 | P27: =_xlfn.RANK.EQ(O27,O$3:O$10000,0) -> 24 | Q27: =IFERROR(_xlfn.XLOOKUP(B27,'w3'!$B:$B,'w3'!$C:$C),0) -> 50.6 | R27: =_xlfn.RANK.EQ(Q27,Q$3:Q$10000,0) -> 13 | S27: =IFERROR(_xlfn.XLOOKUP(B27,'w3'!$B:$B,'w3'!$F:$F),1) -> 0.27222222 | T27: =_xlfn.RANK.EQ(S27,S$3:S$10000,1) -> 39 | U27: =IFERROR(IF(_xlfn.XLOOKUP(B27,'w3'!$B:$B,'w3'!$G:$G)="--",0,_xlfn.XLOOKUP(B27,'w3'!$B:$B,'w3'!$G:$G)),0) -> 32 | V27: =_xlfn.RANK.EQ(U27,U$3:U$10000,0) -> 73 | W27: =IFERROR(_xlfn.XLOOKUP(B27,'w4'!$B:$B,'w4'!$C:$C),0) -> 30 | X27: =_xlfn.RANK.EQ(W27,W$3:W$10000,0) -> 25 | Y27: =IFERROR(_xlfn.XLOOKUP(B27,'w4'!$B:$B,'w4'!$F:$F),1) -> 0.27291667 | Z27: =_xlfn.RANK.EQ(Y27,Y$3:Y$10000,1) -> 41 | AA27: =IFERROR(IF(_xlfn.XLOOKUP(B27,'w4'!$B:$B,'w4'!$G:$G)="--",0,_xlfn.XLOOKUP(B27,'w4'!$B:$B,'w4'!$G:$G)),0) -> 134 | AB27: =_xlfn.RANK.EQ(AA27,AA$3:AA$10000,0) -> 43 | AC27: =IFERROR(_xlfn.XLOOKUP(B27,'w5'!$B:$B,'w5'!$C:$C),0) -> 41.6 | AD27: =_xlfn.RANK.EQ(AC27,AC$3:AC$10000,0) -> 22 | AE27: =IFERROR(_xlfn.XLOOKUP(B27,'w5'!$B:$B,'w5'!$F:$F),1) -> 0.26458333 | AF27: =_xlfn.RANK.EQ(AE27,AE$3:AE$10000,1) -> 30 | AG27: =IFERROR(IF(_xlfn.XLOOKUP(B27,'w5'!$B:$B,'w5'!$G:$G)="--",0,_xlfn.XLOOKUP(B27,'w5'!$B:$B,'w5'!$G:$G)),0) -> 501 | AH27: =_xlfn.RANK.EQ(AG27,AG$3:AG$10000,0) -> 28 | AI27: =IFERROR(_xlfn.XLOOKUP(B27,'w6'!$B:$B,'w6'!$C:$C),0) -> 61.6 | AJ27: =_xlfn.RANK.EQ(AI27,AI$3:AI$10000,0) -> 5 | AK27: =IFERROR(_xlfn.XLOOKUP(B27,'w6'!$B:$B,'w6'!$F:$F),1) -> 0.29513889 | AL27: =_xlfn.RANK.EQ(AK27,AK$3:AK$10000,1) -> 35 | AM27: =IFERROR(IF(_xlfn.XLOOKUP(B27,'w6'!$B:$B,'w6'!$G:$G)="--",0,_xlfn.XLOOKUP(B27,'w6'!$B:$B,'w6'!$G:$G)),0) -> 441 | AN27: =_xlfn.RANK.EQ(AM27,AM$3:AM$10000,0) -> 16 | AO27: =IFERROR(_xlfn.XLOOKUP(B27,'w7'!$B:$B,'w7'!$C:$C),0) -> 0 | AP27: =_xlfn.RANK.EQ(AO27,AO$3:AO$10000,0) -> 72 | AQ27: =IFERROR(_xlfn.XLOOKUP(B27,'w7'!$B:$B,'w7'!$F:$F),1) -> 1 | AR27: =_xlfn.RANK.EQ(AQ27,AQ$3:AQ$10000,1) -> 72 | AS27: =IFERROR(IF(_xlfn.XLOOKUP(B27,'w7'!$B:$B,'w7'!$G:$G)="--",0,_xlfn.XLOOKUP(B27,'w7'!$B:$B,'w7'!$G:$G)),0) -> 0 | AT27: =_xlfn.RANK.EQ(AS27,AS$3:AS$10000,0) -> 69 | AU27: =IFERROR(_xlfn.XLOOKUP(B27,'w8'!$B:$B,'w8'!$C:$C),0) -> 8 | AV27: =_xlfn.RANK.EQ(AU27,AU$3:AU$10000,0) -> 63 | AW27: =IFERROR(_xlfn.XLOOKUP(B27,'w8'!$B:$B,'w8'!$F:$F),1) -> 0.25347222 | AX27: =_xlfn.RANK.EQ(AW27,AW$3:AW$10000,1) -> 15 | AY27: =IFERROR(IF(_xlfn.XLOOKUP(B27,'w8'!$B:$B,'w8'!$G:$G)="--",0,_xlfn.XLOOKUP(B27,'w8'!$B:$B,'w8'!$G:$G)),0) -> 65 | AZ27: =_xlfn.RANK.EQ(AY27,AY$3:AY$10000,0) -> 56 | BA27: =IFERROR(_xlfn.XLOOKUP(C27,'w9'!$B:$B,'w9'!$C:$C),0) -> 23.4 | BB27: =_xlfn.RANK.EQ(BA27,BA$3:BA$10000,0) -> 48 | BC27: =IFERROR(_xlfn.XLOOKUP(C27,'w9'!$B:$B,'w9'!$F:$F),1) -> 0.2625 | BD27: =_xlfn.RANK.EQ(BC27,BC$3:BC$10000,1) -> 20 | BE27: =IFERROR(IF(_xlfn.XLOOKUP(C27,'w9'!$B:$B,'w9'!$G:$G)="--",0,_xlfn.XLOOKUP(C27,'w9'!$B:$B,'w9'!$G:$G)),0) -> 546 | BF27: =_xlfn.RANK.EQ(BE27,BE$3:BE$10000,0) -> 22 | BG27: =IFERROR(_xlfn.XLOOKUP(B27,'w10'!$B:$B,'w10'!$C:$C),0) -> 36.1 | BH27: =_xlfn.RANK.EQ(BG27,BG$3:BG$10000,0) -> 22 | BI27: =IFERROR(_xlfn.XLOOKUP(B27,'w10'!$B:$B,'w10'!$F:$F),1) -> 0.24097222 | BJ27: =_xlfn.RANK.EQ(BI27,BI$3:BI$10000,1) -> 17 | BK27: =IFERROR(IF(_xlfn.XLOOKUP(B27,'w10'!$B:$B,'w10'!$G:$G)="--",0,_xlfn.XLOOKUP(B27,'w10'!$B:$B,'w10'!$G:$G)),0) -> 253 | BL27: =_xlfn.RANK.EQ(BK27,BK$3:BK$10000,0) -> 27 | BM27: =IFERROR(_xlfn.XLOOKUP(B27,'w11'!$B:$B,'w11'!$C:$C),0) -> 16 | BN27: =_xlfn.RANK.EQ(BM27,BM$3:BM$10000,0) -> 51 | BO27: =IFERROR(_xlfn.XLOOKUP(B27,'w11'!$B:$B,'w11'!$F:$F),1) -> 0.26458333 | BP27: =_xlfn.RANK.EQ(BO27,BO$3:BO$10000,1) -> 31 | BQ27: =IFERROR(IF(_xlfn.XLOOKUP(B27,'w11'!$B:$B,'w11'!$G:$G)="--",0,_xlfn.XLOOKUP(B27,'w11'!$B:$B,'w11'!$G:$G)),0) -> 520 | BR27: =_xlfn.RANK.EQ(BQ27,BQ$3:BQ$10000,0) -> 18 | BS27: =IFERROR(_xlfn.XLOOKUP(B27,'w12'!$B:$B,'w12'!$C:$C),0) -> 7.1 | BT27: =_xlfn.RANK.EQ(BS27,BS$3:BS$10000,0) -> 68 | BU27: =IFERROR(_xlfn.XLOOKUP(B27,'w12'!$B:$B,'w12'!$F:$F),1) -> 0.27916667 | BV27: =_xlfn.RANK.EQ(BU27,BU$3:BU$10000,1) -> 39 | BW27: =IFERROR(IF(_xlfn.XLOOKUP(B27,'w12'!$B:$B,'w12'!$G:$G)="--",0,_xlfn.XLOOKUP(B27,'w12'!$B:$B,'w12'!$G:$G)),0) -> 258 | BX27: =_xlfn.RANK.EQ(BW27,BW$3:BW$10000,0) -> 26 | BY27: =IFERROR(_xlfn.XLOOKUP(B27,'w13'!$B:$B,'w13'!$C:$C),0) -> 18.4 | BZ27: =_xlfn.RANK.EQ(BY27,BY$3:BY$10000,0) -> 42 | CA27: =IFERROR(_xlfn.XLOOKUP(B27,'w13'!$B:$B,'w13'!$F:$F),1) -> 0.24583333 | CB27: =_xlfn.RANK.EQ(CA27,CA$3:CA$10000,1) -> 21 | CC27: =IFERROR(IF(_xlfn.XLOOKUP(B27,'w13'!$B:$B,'w13'!$G:$G)="--",0,_xlfn.XLOOKUP(B27,'w13'!$B:$B,'w13'!$G:$G)),0) -> 393 | CD27: =_xlfn.RANK.EQ(CC27,CC$3:CC$10000,0) -> 22 | CE27: =IFERROR(_xlfn.XLOOKUP(B27,'w14'!$B:$B,'w14'!$C:$C),0) -> 0 | CF27: =_xlfn.RANK.EQ(CE27,CE$3:CE$10000,0) -> 69 | CG27: =IFERROR(_xlfn.XLOOKUP(B27,'w14'!$B:$B,'w14'!$F:$F),1) -> 1 | CH27: =_xlfn.RANK.EQ(CG27,CG$3:CG$10000,1) -> 69 | CI27: =IFERROR(IF(_xlfn.XLOOKUP(B27,'w14'!$B:$B,'w14'!$G:$G)="--",0,_xlfn.XLOOKUP(B27,'w14'!$B:$B,'w14'!$G:$G)),0) -> 0 | CJ27: =_xlfn.RANK.EQ(CI27,CI$3:CI$10000,0) -> 69 | CK27: =_xlfn.RANK.EQ(D27,D$3:D$10000,1) -> 25 | CL27: Miguel Dias | CM27: =SUM(E27,K27,Q27,W27,AC27,AI27,AO27,AU27,BA27,BG27,BM27,BS27,BY27,CE27) -> 394.4 | CN27: =_xlfn.RANK.EQ(CM27,CM$3:CM$10000) -> 26 | CO27: =IFERROR(SUM(PRODUCT(E27,G27),PRODUCT(K27,M27),PRODUCT(Q27,S27),PRODUCT(W27,Y27),PRODUCT(AC27,AE27),PRODUCT(AI27,AK27),PRODUCT(AO27,AQ27),PRODUCT(AU27,AW27),PRODUCT(BA27,BC27),PRODUCT(BG27,BI27),PRODUCT(BM27,BO27),PRODUCT(BS27,BU27),PRODUCT(BY27,CA27),PRODUCT(CE27,CG27))/CM27,1) -> 0.26908243 | CP27: =_xlfn.RANK.EQ(CO27,CO$3:CO$10000,1) -> 35 | CQ27: =SUM(I27,O27,U27,AA27,AG27,AM27,AS27,AY27,BE27,BK27,BQ27,BW27,CC27,CI27) -> 3820 | CR27: =_xlfn.RANK.EQ(CQ27,CQ$3:CQ$10000) -> 33 | CU27: =_xlfn.STDEV.S(F27,L27,R27,X27,AD27,AJ27,AP27,AV27,BB27,BH27,BN27,BT27,BZ27,CF27) -> 24.342903 | CV27: =_xlfn.RANK.EQ(CU27,CU$3:CU$10000,1) -> 102 | CW27: =_xlfn.STDEV.S(H27,N27,T27,Z27,AF27,AL27,AR27,AX27,BD27,BJ27,BP27,BV27,CB27,CH27) -> 17.2501 | CX27: =_xlfn.RANK.EQ(CW27,CW$3:CW$10000,1) -> 66 | CY27: =_xlfn.STDEV.S(J27,P27,V27,AB27,AH27,AN27,AT27,AZ27,BF27,BL27,BR27,BX27,CD27,CJ27) -> 20.497119 | CZ27: =_xlfn.RANK.EQ(CY27,CY$3:CY$10000,1) -> 90 | DA27: =SUM(COUNTIF(E27,">0"),COUNTIF(K27,">0"),COUNTIF(Q27,">0"),COUNTIF(W27,">0"),COUNTIF(AC27,">0"),COUNTIF(AI27,">0"),COUNTIF(AO27,">0"),COUNTIF(AU27,">0"),COUNTIF(BA27,">0"),COUNTIF(BG27,">0"),COUNTIF(BM27,">0"),COUNTIF(BS27,">0"),COUNTIF(BY27,">0"),COUNTIF(CE27,">0")) -> 12
B28: Carla Rebelo Carla Rebelo | C28: Carla Rebelo | D28: =CN28*$CN$1+CP28*$CP$1+CR28*$CR$1 -> 26.4 | E28: =IFERROR(_xlfn.XLOOKUP(B28,'w1'!$B:$B,'w1'!$C:$C),0) -> 42 | F28: =_xlfn.RANK.EQ(E28,E$3:E$10000,0) -> 18 | G28: =IFERROR(_xlfn.XLOOKUP(B28,'w1'!$B:$B,'w1'!$F:$F),1) -> 0.26805556 | H28: =_xlfn.RANK.EQ(G28,G$3:G$10000,1) -> 34 | I28: =IFERROR(IF(_xlfn.XLOOKUP(B28,'w1'!$B:$B,'w1'!$G:$G)="--",0,_xlfn.XLOOKUP(B28,'w1'!$B:$B,'w1'!$G:$G)),0) -> 88 | J28: =_xlfn.RANK.EQ(I28,I$3:I$10000,0) -> 55 | K28: =IFERROR(_xlfn.XLOOKUP(B28,'w2'!$B:$B,'w2'!$C:$C),0) -> 28.6 | L28: =_xlfn.RANK.EQ(K28,K$3:K$10000,0) -> 31 | M28: =IFERROR(_xlfn.XLOOKUP(B28,'w2'!$B:$B,'w2'!$F:$F),1) -> 0.26041667 | N28: =_xlfn.RANK.EQ(M28,M$3:M$10000,1) -> 22 | O28: =IFERROR(IF(_xlfn.XLOOKUP(B28,'w2'!$B:$B,'w2'!$G:$G)="--",0,_xlfn.XLOOKUP(B28,'w2'!$B:$B,'w2'!$G:$G)),0) -> 52 | P28: =_xlfn.RANK.EQ(O28,O$3:O$10000,0) -> 65 | Q28: =IFERROR(_xlfn.XLOOKUP(B28,'w3'!$B:$B,'w3'!$C:$C),0) -> 65 | R28: =_xlfn.RANK.EQ(Q28,Q$3:Q$10000,0) -> 6 | S28: =IFERROR(_xlfn.XLOOKUP(B28,'w3'!$B:$B,'w3'!$F:$F),1) -> 0.25486111 | T28: =_xlfn.RANK.EQ(S28,S$3:S$10000,1) -> 26 | U28: =IFERROR(IF(_xlfn.XLOOKUP(B28,'w3'!$B:$B,'w3'!$G:$G)="--",0,_xlfn.XLOOKUP(B28,'w3'!$B:$B,'w3'!$G:$G)),0) -> 142 | V28: =_xlfn.RANK.EQ(U28,U$3:U$10000,0) -> 43 | W28: =IFERROR(_xlfn.XLOOKUP(B28,'w4'!$B:$B,'w4'!$C:$C),0) -> 29.1 | X28: =_xlfn.RANK.EQ(W28,W$3:W$10000,0) -> 26 | Y28: =IFERROR(_xlfn.XLOOKUP(B28,'w4'!$B:$B,'w4'!$F:$F),1) -> 0.27222222 | Z28: =_xlfn.RANK.EQ(Y28,Y$3:Y$10000,1) -> 39 | AA28: =IFERROR(IF(_xlfn.XLOOKUP(B28,'w4'!$B:$B,'w4'!$G:$G)="--",0,_xlfn.XLOOKUP(B28,'w4'!$B:$B,'w4'!$G:$G)),0) -> 62 | AB28: =_xlfn.RANK.EQ(AA28,AA$3:AA$10000,0) -> 53 | AC28: =IFERROR(_xlfn.XLOOKUP(B28,'w5'!$B:$B,'w5'!$C:$C),0) -> 29.4 | AD28: =_xlfn.RANK.EQ(AC28,AC$3:AC$10000,0) -> 39 | AE28: =IFERROR(_xlfn.XLOOKUP(B28,'w5'!$B:$B,'w5'!$F:$F),1) -> 0.25416667 | AF28: =_xlfn.RANK.EQ(AE28,AE$3:AE$10000,1) -> 22 | AG28: =IFERROR(IF(_xlfn.XLOOKUP(B28,'w5'!$B:$B,'w5'!$G:$G)="--",0,_xlfn.XLOOKUP(B28,'w5'!$B:$B,'w5'!$G:$G)),0) -> 127 | AH28: =_xlfn.RANK.EQ(AG28,AG$3:AG$10000,0) -> 55 | AI28: =IFERROR(_xlfn.XLOOKUP(B28,'w6'!$B:$B,'w6'!$C:$C),0) -> 9.2 | AJ28: =_xlfn.RANK.EQ(AI28,AI$3:AI$10000,0) -> 58 | AK28: =IFERROR(_xlfn.XLOOKUP(B28,'w6'!$B:$B,'w6'!$F:$F),1) -> 0.25277778 | AL28: =_xlfn.RANK.EQ(AK28,AK$3:AK$10000,1) -> 16 | AM28: =IFERROR(IF(_xlfn.XLOOKUP(B28,'w6'!$B:$B,'w6'!$G:$G)="--",0,_xlfn.XLOOKUP(B28,'w6'!$B:$B,'w6'!$G:$G)),0) -> 21 | AN28: =_xlfn.RANK.EQ(AM28,AM$3:AM$10000,0) -> 60 | AO28: =IFERROR(_xlfn.XLOOKUP(B28,'w7'!$B:$B,'w7'!$C:$C),0) -> 0 | AP28: =_xlfn.RANK.EQ(AO28,AO$3:AO$10000,0) -> 72 | AQ28: =IFERROR(_xlfn.XLOOKUP(B28,'w7'!$B:$B,'w7'!$F:$F),1) -> 1 | AR28: =_xlfn.RANK.EQ(AQ28,AQ$3:AQ$10000,1) -> 72 | AS28: =IFERROR(IF(_xlfn.XLOOKUP(B28,'w7'!$B:$B,'w7'!$G:$G)="--",0,_xlfn.XLOOKUP(B28,'w7'!$B:$B,'w7'!$G:$G)),0) -> 0 | AT28: =_xlfn.RANK.EQ(AS28,AS$3:AS$10000,0) -> 69 | AU28: =IFERROR(_xlfn.XLOOKUP(B28,'w8'!$B:$B,'w8'!$C:$C),0) -> 0 | AV28: =_xlfn.RANK.EQ(AU28,AU$3:AU$10000,0) -> 73 | AW28: =IFERROR(_xlfn.XLOOKUP(B28,'w8'!$B:$B,'w8'!$F:$F),1) -> 1 | AX28: =_xlfn.RANK.EQ(AW28,AW$3:AW$10000,1) -> 73 | AY28: =IFERROR(IF(_xlfn.XLOOKUP(B28,'w8'!$B:$B,'w8'!$G:$G)="--",0,_xlfn.XLOOKUP(B28,'w8'!$B:$B,'w8'!$G:$G)),0) -> 0 | AZ28: =_xlfn.RANK.EQ(AY28,AY$3:AY$10000,0) -> 70 | BA28: =IFERROR(_xlfn.XLOOKUP(C28,'w9'!$B:$B,'w9'!$C:$C),0) -> 11 | BB28: =_xlfn.RANK.EQ(BA28,BA$3:BA$10000,0) -> 66 | BC28: =IFERROR(_xlfn.XLOOKUP(C28,'w9'!$B:$B,'w9'!$F:$F),1) -> 0.31597222 | BD28: =_xlfn.RANK.EQ(BC28,BC$3:BC$10000,1) -> 49 | BE28: =IFERROR(IF(_xlfn.XLOOKUP(C28,'w9'!$B:$B,'w9'!$G:$G)="--",0,_xlfn.XLOOKUP(C28,'w9'!$B:$B,'w9'!$G:$G)),0) -> 21 | BF28: =_xlfn.RANK.EQ(BE28,BE$3:BE$10000,0) -> 70 | BG28: =IFERROR(_xlfn.XLOOKUP(B28,'w10'!$B:$B,'w10'!$C:$C),0) -> 23.1 | BH28: =_xlfn.RANK.EQ(BG28,BG$3:BG$10000,0) -> 37 | BI28: =IFERROR(_xlfn.XLOOKUP(B28,'w10'!$B:$B,'w10'!$F:$F),1) -> 0.26319444 | BJ28: =_xlfn.RANK.EQ(BI28,BI$3:BI$10000,1) -> 32 | BK28: =IFERROR(IF(_xlfn.XLOOKUP(B28,'w10'!$B:$B,'w10'!$G:$G)="--",0,_xlfn.XLOOKUP(B28,'w10'!$B:$B,'w10'!$G:$G)),0) -> 54 | BL28: =_xlfn.RANK.EQ(BK28,BK$3:BK$10000,0) -> 65 | BM28: =IFERROR(_xlfn.XLOOKUP(B28,'w11'!$B:$B,'w11'!$C:$C),0) -> 43.3 | BN28: =_xlfn.RANK.EQ(BM28,BM$3:BM$10000,0) -> 14 | BO28: =IFERROR(_xlfn.XLOOKUP(B28,'w11'!$B:$B,'w11'!$F:$F),1) -> 0.26736111 | BP28: =_xlfn.RANK.EQ(BO28,BO$3:BO$10000,1) -> 34 | BQ28: =IFERROR(IF(_xlfn.XLOOKUP(B28,'w11'!$B:$B,'w11'!$G:$G)="--",0,_xlfn.XLOOKUP(B28,'w11'!$B:$B,'w11'!$G:$G)),0) -> 134 | BR28: =_xlfn.RANK.EQ(BQ28,BQ$3:BQ$10000,0) -> 49 | BS28: =IFERROR(_xlfn.XLOOKUP(B28,'w12'!$B:$B,'w12'!$C:$C),0) -> 22.4 | BT28: =_xlfn.RANK.EQ(BS28,BS$3:BS$10000,0) -> 27 | BU28: =IFERROR(_xlfn.XLOOKUP(B28,'w12'!$B:$B,'w12'!$F:$F),1) -> 0.28611111 | BV28: =_xlfn.RANK.EQ(BU28,BU$3:BU$10000,1) -> 43 | BW28: =IFERROR(IF(_xlfn.XLOOKUP(B28,'w12'!$B:$B,'w12'!$G:$G)="--",0,_xlfn.XLOOKUP(B28,'w12'!$B:$B,'w12'!$G:$G)),0) -> 88 | BX28: =_xlfn.RANK.EQ(BW28,BW$3:BW$10000,0) -> 57 | BY28: =IFERROR(_xlfn.XLOOKUP(B28,'w13'!$B:$B,'w13'!$C:$C),0) -> 48.3 | BZ28: =_xlfn.RANK.EQ(BY28,BY$3:BY$10000,0) -> 9 | CA28: =IFERROR(_xlfn.XLOOKUP(B28,'w13'!$B:$B,'w13'!$F:$F),1) -> 0.25833333 | CB28: =_xlfn.RANK.EQ(CA28,CA$3:CA$10000,1) -> 29 | CC28: =IFERROR(IF(_xlfn.XLOOKUP(B28,'w13'!$B:$B,'w13'!$G:$G)="--",0,_xlfn.XLOOKUP(B28,'w13'!$B:$B,'w13'!$G:$G)),0) -> 132 | CD28: =_xlfn.RANK.EQ(CC28,CC$3:CC$10000,0) -> 44 | CE28: =IFERROR(_xlfn.XLOOKUP(B28,'w14'!$B:$B,'w14'!$C:$C),0) -> 56.5 | CF28: =_xlfn.RANK.EQ(CE28,CE$3:CE$10000,0) -> 11 | CG28: =IFERROR(_xlfn.XLOOKUP(B28,'w14'!$B:$B,'w14'!$F:$F),1) -> 0.25833333 | CH28: =_xlfn.RANK.EQ(CG28,CG$3:CG$10000,1) -> 22 | CI28: =IFERROR(IF(_xlfn.XLOOKUP(B28,'w14'!$B:$B,'w14'!$G:$G)="--",0,_xlfn.XLOOKUP(B28,'w14'!$B:$B,'w14'!$G:$G)),0) -> 152 | CJ28: =_xlfn.RANK.EQ(CI28,CI$3:CI$10000,0) -> 42 | CK28: =_xlfn.RANK.EQ(D28,D$3:D$10000,1) -> 25 | CL28: Carla Rebelo | CM28: =SUM(E28,K28,Q28,W28,AC28,AI28,AO28,AU28,BA28,BG28,BM28,BS28,BY28,CE28) -> 407.9 | CN28: =_xlfn.RANK.EQ(CM28,CM$3:CM$10000) -> 25 | CO28: =IFERROR(SUM(PRODUCT(E28,G28),PRODUCT(K28,M28),PRODUCT(Q28,S28),PRODUCT(W28,Y28),PRODUCT(AC28,AE28),PRODUCT(AI28,AK28),PRODUCT(AO28,AQ28),PRODUCT(AU28,AW28),PRODUCT(BA28,BC28),PRODUCT(BG28,BI28),PRODUCT(BM28,BO28),PRODUCT(BS28,BU28),PRODUCT(BY28,CA28),PRODUCT(CE28,CG28))/CM28,1) -> 0.26380581 | CP28: =_xlfn.RANK.EQ(CO28,CO$3:CO$10000,1) -> 31 | CQ28: =SUM(I28,O28,U28,AA28,AG28,AM28,AS28,AY28,BE28,BK28,BQ28,BW28,CC28,CI28) -> 1073 | CR28: =_xlfn.RANK.EQ(CQ28,CQ$3:CQ$10000) -> 75 | CU28: =_xlfn.STDEV.S(F28,L28,R28,X28,AD28,AJ28,AP28,AV28,BB28,BH28,BN28,BT28,BZ28,CF28) -> 23.707119 | CV28: =_xlfn.RANK.EQ(CU28,CU$3:CU$10000,1) -> 100 | CW28: =_xlfn.STDEV.S(H28,N28,T28,Z28,AF28,AL28,AR28,AX28,BD28,BJ28,BP28,BV28,CB28,CH28) -> 17.644381 | CX28: =_xlfn.RANK.EQ(CW28,CW$3:CW$10000,1) -> 69 | CY28: =_xlfn.STDEV.S(J28,P28,V28,AB28,AH28,AN28,AT28,AZ28,BF28,BL28,BR28,BX28,CD28,CJ28) -> 9.9881798 | CZ28: =_xlfn.RANK.EQ(CY28,CY$3:CY$10000,1) -> 26 | DA28: =SUM(COUNTIF(E28,">0"),COUNTIF(K28,">0"),COUNTIF(Q28,">0"),COUNTIF(W28,">0"),COUNTIF(AC28,">0"),COUNTIF(AI28,">0"),COUNTIF(AO28,">0"),COUNTIF(AU28,">0"),COUNTIF(BA28,">0"),COUNTIF(BG28,">0"),COUNTIF(BM28,">0"),COUNTIF(BS28,">0"),COUNTIF(BY28,">0"),COUNTIF(CE28,">0")) -> 12
